"first_name","last_name","phone1","bday"
"Aleshia","Tomkiewicz","01835-703597","2015-12-22"
"Evan","Zigomalas","01937-864715","1925-06-22"
"France","Andrade","01347-368222","1997-11-28"
"Ulysses","Mcwalters","01912-771311","1944-06-23"
"Tyisha","Veness","01547-429341","1962-08-07"
"Eric","Rampy","01969-886290","1992-05-11"
"Marg","Grasmick","01865-582516","1944-09-14"
"Laquita","Hisaw","01746-394243","1920-11-07"
"Lura","Manzella","01907-538509","1969-11-24"
"Yuette","Klapec","01903-649460","1928-03-30"
"Fernanda","Writer","01630-202053","2004-02-17"
"Charlesetta","Erm","01276-816806","1928-11-02"
"Corrinne","Jaret","01625-932209","1911-06-20"
"Niesha","Bruch","01874-856950","1915-08-25"
"Rueben","Gastellum","01976-755279","1921-08-15"
"Michell","Throssell","01967-580851","1979-08-04"
"Edgar","Kanne","01326-532337","1966-02-18"
"Dewitt","Julio","01253-528327","1943-09-27"
"Charisse","Spinello","01719-831436","1994-11-20"
"Mee","Lapinski","01578-287816","2017-12-22"
"Peter","Gutierres","01842-767201","1999-08-11"
"Octavio","Salvadore","01552-709248","1945-07-09"
"Martha","Teplica","01677-684257","1946-01-06"
"Tamesha","Veigel","01217-342071","1985-12-26"
"Tess","Sitra","01473-229124","1955-01-13"
"Leonard","Kufner","01230-623547","1984-11-25"
"Svetlana","Tauras","01781-827317","1934-10-10"
"Pok","Molaison","01866-248660","1964-01-15"
"Augustine","Growcock","01541-802635","2013-09-02"
"Karma","Quarto","01857-864722","1937-12-06"
"Reed","Weisinger","01243-678286","1927-01-27"
"German","Zelaya","01400-269033","1964-03-26"
"Milly","Savidge","01702-725589","1961-05-24"
"Luis","Ear","01462-648669","2007-04-17"
"Ciara","Cobbley","01235-647932","1967-12-25"
"Alethea","Mould","01662-114247","1995-12-08"
"Margurite","Loperfido","01407-866759","1956-08-02"
"Vernice","Sperazza","01822-563044","1936-10-11"
"Vicente","Rawicki","01327-770774","1968-05-08"
"Craig","Cua","01483-418969","1999-07-03"
"Jenise","Dulle","01709-854691","1995-08-18"
"Marylin","Cornelison","01609-882184","1921-03-05"
"Marget","Gunst","01693-310794","1998-01-01"
"Annett","Bunselmeyer","01891-702579","1947-09-25"
"Kip","Turziano","01850-347846","1949-08-26"
"Melina","Orizabal","01420-307327","2009-06-01"
"Tina","Clapham","01567-296442","1975-11-01"
"Luisa","Devereux","01607-269930","1911-09-01"
"Pedro","Aschoff","01386-981141","1961-01-12"
"Carrol","Kunimitsu","01260-641258","1980-12-14"
"Alba","Mosseri","01543-198690","2008-05-19"
"Domonique","Sandlin","01355-500797","1951-05-14"
"Rory","Neufville","01252-621329","1952-04-05"
"Dustin","Klingaman","01712-135466","1970-04-29"
"Lyndia","Moonshower","01469-300335","1936-06-28"
"Jules","Hiltner","01428-343825","1932-05-13"
"Dong","Kopczynski","01770-129032","1919-11-05"
"Justine","Salta","01689-253476","1912-08-31"
"Chantay","Kamens","01823-383806","1934-02-20"
"Tequila","Chisum","01835-634521","1999-06-26"
"Maybelle","Consolazio","01383-647035","1966-03-19"
"Margarett","Bairo","01670-813697","1953-02-16"
"Janessa","Noonon","01472-324699","1963-10-29"
"Sol","Cowser","01412-528394","1970-09-13"
"Louann","Smethers","01670-234959","2010-06-26"
"Lindsay","Yadao","01947-566661","1955-04-07"
"Malika","Hanton","01532-497454","1928-06-19"
"Stefany","Ferenz","01743-977277","1934-10-08"
"Abraham","Cratch","01599-245408","1937-12-02"
"Giuseppe","Rohaley","01345-400452","1960-10-19"
"Kiera","Bassil","01655-519837","1987-05-28"
"Wendell","Rubano","01837-530939","2016-08-20"
"Stevie","Stifflemire","01262-808399","1911-01-22"
"Yun","Paletta","01350-332706","1968-04-10"
"Brittani","Thurm","01686-306597","1918-10-21"
"Billy","Venus","01537-356648","2007-12-27"
"Brynn","Elkan","01388-416867","1911-10-09"
"Elroy","Piehler","01589-654152","1922-03-03"
"Anisha","Shulick","01780-704167","1948-09-13"
"Bettina","Kham","01355-192668","2011-08-08"
"Velda","Mancilla","01823-526645","1940-02-07"
"Marta","Brace","01777-469402","2012-11-19"
"Juan","Vanwyhe","01961-642757","1942-08-28"
"Lelia","Filion","01367-136951","1987-11-20"
"Una","Frankel","01912-749219","1943-12-15"
"Eva","Joulwan","01779-720349","1962-09-02"
"Mammie","Dormanen","01527-579687","1911-01-12"
"Jeannetta","Coolidge","01927-790069","2005-11-26"
"Elbert","Drawe","01753-784273","1947-05-06"
"Lenny","Gazzola","01312-233253","1956-09-12"
"Mira","Alpheaus","01241-273991","1933-04-26"
"Cathern","Ungar","01898-134749","1962-02-25"
"Malcom","Fleckles","01478-110943","1977-09-13"
"Monroe","Damato","01402-733903","1953-05-03"
"Leota","Fletchen","01358-446391","2002-12-07"
"Berry","Gutoski","01448-211489","2002-11-09"
"Meghan","Riherd","01462-474800","1943-10-19"
"Mike","Torner","01240-600327","1955-07-02"
"Elsa","Delisle","01537-525550","1914-05-01"
"Linwood","Rosenlof","01546-942059","1925-06-03"
"Latosha","Alexy","01704-508066","2008-12-17"
"Alexia","Meenan","01560-328739","1943-10-20"
"Graham","Stanwick","01860-191930","1943-10-07"
"Elinore","Fulda","01457-837447","1991-02-26"
"Lisbeth","Creecy","01931-620849","2011-07-22"
"Eloisa","Faurote","01337-695353","2003-02-14"
"Shawana","Cantua","01413-348876","1923-02-09"
"Alyssa","Ansbro","01632-887825","1965-01-08"
"Kyoko","Mcmillian","01235-173362","1954-09-28"
"Terry","Gauthier","01555-550015","1988-11-27"
"Sena","Langenbach","01756-678490","1961-02-09"
"Cristen","Nesset","01354-864473","1965-09-20"
"Lashawn","Ker","01676-780022","2014-12-08"
"Wade","Sovel","01712-978062","1922-10-20"
"Whitney","Tishler","01224-605237","1971-12-25"
"Deja","Conatser","01378-234592","1917-03-21"
"Earnestine","Casper","01807-346103","1996-08-06"
"Frankie","Marruffo","01295-678319","1927-11-17"
"Paola","Dease","01333-642646","1969-02-22"
"Rodrigo","Hawkin","01936-611490","1988-04-29"
"Luther","Alsman","01536-639256","2010-06-11"
"Casey","Dondero","01728-100333","1935-08-01"
"Ressie","Bontemps","01996-854517","1976-06-08"
"Sean","Schurman","01773-139510","1980-01-08"
"Celestina","Pince","01763-475078","1968-12-06"
"Maira","Karas","01582-839217","1949-03-20"
"Beth","Barbone","01210-926114","1992-12-11"
"Wei","Nobel","01912-146880","2002-08-19"
"Melissia","Slotemaker","01515-360513","1941-12-31"
"Letha","Akey","01694-424205","1996-10-21"
"Isaac","Semrad","01939-738818","1991-06-25"
"Kristine","Klipfel","01710-435506","1993-07-14"
"Odette","Moussette","01712-248851","1940-12-26"
"Hobert","Panfilov","01245-353227","1952-03-14"
"Isadora","Mchughes","01526-145485","1933-10-27"
"Emily","Pogorelc","01416-913482","1911-12-05"
"Desire","Barresi","01819-701096","2017-11-12"
"Rosalind","Stamps","01918-999052","1963-03-18"
"Vernell","Connley","01954-363885","2013-02-19"
"Micheline","Mathieson","01857-518738","2003-02-16"
"Nathan","Outhouse","01555-702650","1982-03-03"
"Allene","Burau","01731-825958","1935-06-06"
"Julie","Sakshaug","01225-180983","1914-11-04"
"Francisca","Shuhi","01345-878334","1920-02-22"
"Marisha","Wilcoxon","01257-461104","1918-05-24"
"Telma","Maraia","01500-649863","1926-04-27"
"Luke","Crete","01375-820236","1925-08-10"
"Hubert","Mias","01408-965643","1937-10-31"
"Janella","Altobell","01746-505364","2000-11-08"
"Angelo","Lavista","01544-247601","1951-11-24"
"Tran","Mandiola","01609-235350","1995-03-14"
"Reynalda","Vanhooser","01951-872658","1949-03-22"
"Salley","Rieger","01858-162078","1968-05-11"
"Cheryll","Yurich","01780-380120","1965-03-15"
"Crista","Viengxay","01976-784016","1948-06-24"
"Lino","Sutulovich","01316-590173","1928-08-07"
"Galen","Wendorf","01220-653456","1914-04-30"
"Gilbert","Langarica","01455-565046","1963-04-23"
"Whitney","Goossen","01255-383731","1924-09-05"
"Socorro","Abrahams","01311-567052","1928-12-02"
"Mauricio","Flam","01640-813748","1979-05-28"
"Phillip","Aloi","01490-898175","1989-12-10"
"Gilberto","Erixon","01582-161403","1970-02-08"
"Thad","Puskarich","01506-152661","1944-10-20"
"Bambi","Favaron","01676-354943","1922-12-23"
"Marshall","Kozikowski","01913-454226","2008-09-06"
"Chery","Wiederin","01274-659801","1959-05-19"
"Eileen","Montecalvo","01904-227024","1937-12-01"
"Melita","Szpak","01431-484822","1953-02-10"
"Ashley","Jessie","01740-739731","2005-06-16"
"Laila","Fend","01550-206220","1937-09-28"
"Bobbie","Guillereault","01496-781616","1956-06-25"
"Dana","Paluszynski","01847-224345","2009-02-12"
"Freida","Newyear","01773-691786","1946-07-23"
"Val","Cellucci","01387-155607","1954-09-09"
"Horace","Knapp","01924-556297","1946-04-13"
"Joana","Reinecke","01320-402522","1995-03-02"
"Tiara","Schlichter","01270-562265","1941-02-14"
"Dacia","Swaisgood","01984-926059","1960-05-27"
"Myong","Babineaux","01897-419567","2004-04-25"
"Gene","Bleile","01257-354396","1936-08-22"
"Kanisha","Difiora","01770-697837","1930-07-11"
"Ayesha","Moeder","01284-871485","1973-08-08"
"Lanie","Smalarz","01218-415062","1968-11-14"
"Jaleesa","Polintan","01507-519053","1912-04-29"
"Tamekia","Flotow","01794-317624","2006-11-07"
"Ula","Otey","01291-565542","2010-03-16"
"Rosendo","Ratel","01404-343160","1910-02-15"
"Timmy","Lintner","01651-232745","1977-06-18"
"Zita","Speltz","01368-497445","2003-07-16"
"Aleisha","Lemm","01341-997268","2000-10-02"
"Naomi","Lavezzo","01469-888112","1989-08-25"
"Aretha","Bowling","01816-462521","1964-08-05"
"Mila","Figuera","01300-650262","1948-06-10"
"Orville","Zuehl","01998-694754","1974-08-20"
"Gabriele","Geschke","01404-425588","1981-10-04"
"Kara","Jaquish","01691-316298","1961-12-10"
"Kenny","Lin","01753-900033","1979-11-12"
"Vashti","Sugai","01311-723137","1961-05-02"
"Jordan","Handsaker","01793-443665","1974-06-12"
"Carisa","Degenhardt","01911-775929","2005-04-15"
"Audrie","Danaher","01344-670413","2009-09-02"
"Shaunna","Rodamis","01658-509610","1921-07-13"
"Coleen","Langer","01956-525612","1950-01-25"
"Katie","Choinski","01606-772920","1985-04-05"
"Dannie","Brau","01675-779811","1914-06-28"
"Ashanti","Donn","01352-599278","1960-03-13"
"Madalyn","Dubberly","01974-720949","1969-07-01"
"Santos","Signore","01614-431131","1976-01-11"
"Alyce","Flamino","01361-927368","1942-10-20"
"Pearly","Ero","01329-374051","1978-08-12"
"Cherrie","Nitschke","01373-498883","1991-05-29"
"Maia","Shadd","01950-708083","1916-04-30"
"Edwin","Logghe","01366-667615","2003-02-13"
"Leigha","Semenza","01406-216625","1935-10-04"
"Walker","Seeger","01245-616596","1940-10-10"
"Nakita","Rodrigues","01679-150583","1949-02-17"
"Kattie","Ozane","01322-491007","1920-09-25"
"Lamar","Suite","01716-613102","1910-09-15"
"Juliana","Uken","01962-844141","1980-10-31"
"Chan","Loftin","01507-583669","2013-07-23"
"Delpha","Detamore","01322-480025","1964-05-27"
"Floyd","Tivis","01882-970809","1940-04-06"
"Chantell","Besong","01607-329400","1992-01-31"
"Martin","Fonua","01919-185409","2000-09-11"
"Hyun","Erdman","01594-744010","1931-07-19"
"Nada","Arey","01576-627827","1968-08-12"
"Elizabeth","Pata","01634-662999","2012-03-07"
"Dominic","Washmuth","01725-615270","1945-03-18"
"Alise","Packebush","01266-695304","1983-06-29"
"Flo","Bardsley","01983-847833","1960-05-28"
"Bonita","Sandblom","01989-617161","1961-01-29"
"Royal","Rush","01934-427282","1949-05-23"
"Erasmo","Talentino","01492-454455","1981-03-11"
"Mari","Smeby","01423-202676","1969-08-24"
"Eleonora","Ventry","01966-685595","1945-11-18"
"Therese","Shiraki","01611-691262","1967-10-21"
"Rodolfo","Scavuzzo","01576-536794","2013-06-01"
"Cruz","Fanelli","01710-616480","1952-05-07"
"Arlyne","Dellinger","01907-958462","2012-07-20"
"Edward","Strejan","01242-422459","1962-05-21"
"Christoper","Sheneman","01455-958797","1944-02-11"
"Melda","Colamarino","01879-572287","2011-01-29"
"Margot","Peay","01925-895879","1949-02-28"
"Gerald","Drozdenko","01593-647422","1945-01-18"
"Tomoko","Renno","01731-573285","1983-11-30"
"Mendy","Wassmann","01378-845450","1982-05-26"
"Daryl","Hilcher","01391-238570","1973-12-09"
"Ty","Feeback","01964-503521","1956-05-22"
"King","Vanacore","01908-714833","1935-04-16"
"Isidra","Varnado","01600-982590","1984-02-04"
"Tonja","Driesenga","01683-204727","1956-08-01"
"Shaquana","Featherston","01641-726098","1941-01-08"
"Gilberto","Feagins","01304-758732","1928-03-27"
"Rex","Faehnle","01955-496773","1965-03-20"
"Adolph","Cunningham","01731-429712","1931-11-21"
"Queen","Leader","01567-846944","1925-05-09"
"Rebbecca","Rufenacht","01583-168158","1936-11-21"
"Ardella","Goldrup","01813-786468","1980-07-11"
"Dallas","Miyashiro","01356-551432","1916-06-22"
"Vivan","Jenious","01907-573672","1947-09-09"
"Han","Dzledzic","01532-163009","2000-07-21"
"Emilio","Guitierrez","01845-679016","1981-06-15"
"Latia","Cos","01695-303367","1979-01-08"
"Lilli","Cureau","01752-399931","1956-09-14"
"Maryanne","Siske","01455-447890","1986-06-08"
"Eliz","Strimple","01699-467608","1995-06-25"
"Laura","Gumaer","01821-208235","1990-06-05"
"Leanora","Respicio","01564-503370","1998-12-19"
"Sherell","Pomarico","01523-372834","1964-03-30"
"Charlie","Isita","01295-844061","1970-12-04"
"Veronique","Nuckolls","01632-762032","1980-08-02"
"Antonio","Villamarin","01559-403415","1940-10-17"
"Louvenia","Kincannon","01315-409372","1923-01-12"
"Roxanne","Hedegore","01317-299836","1933-02-24"
"Eve","Hoffstot","01746-129962","2011-01-25"
"Kenda","Koza","01840-188852","1983-06-15"
"Elden","Mercik","01539-784239","1992-02-01"
"Kami","Ferre","01775-876516","2009-12-29"
"Selene","Zeng","01741-833047","1994-05-16"
"Deangelo","Rardon","01748-535438","1985-12-27"
"Olen","Ailey","01654-865551","1924-11-12"
"Lanie","Smarsh","01973-841918","1932-10-09"
"Lynna","Breheny","01914-909214","1999-03-19"
"Jody","Klitzing","01822-390245","2015-12-18"
"Antonio","Glasford","01463-409090","1942-10-11"
"Merilyn","Scurci","01770-233355","1974-09-17"
"Elliott","Kins","01727-926540","1910-01-16"
"Leonie","Devereux","01515-840778","1954-06-10"
"Eulah","Syrop","01666-133305","1967-12-27"
"Marsha","Tarry","01203-684728","2011-07-24"
"Mignon","Luger","01934-252795","1971-06-26"
"Tu","Rivet","01578-744350","1914-03-10"
"Adelle","Schantini","01624-595660","2016-06-18"
"Douglass","Fonnesbeck","01305-958705","1939-10-29"
"Evette","Mazierski","01277-740331","2008-02-22"
"Geraldo","Okoren","01374-376226","2006-07-02"
"Clarinda","Pelayo","01902-887021","1961-09-05"
"Reuben","Mccorrison","01337-407282","1975-12-28"
"Yen","Groody","01882-911812","2015-06-16"
"Tanja","Milne","01584-615989","1973-02-13"
"Jerlene","Holtgrewe","01993-956208","1916-08-03"
"Almeta","Keehner","01291-250423","2007-10-04"
"Wilda","Brigham","01950-109108","1943-02-20"
"Remedios","Arlinghaus","01536-498792","1968-07-05"
"Margret","Alcazar","01626-590776","1984-09-26"
"Denny","Casalenda","01349-134533","1936-06-19"
"Carolynn","Atkison","01815-665993","1922-12-17"
"Amina","Goulbourne","01536-114519","1946-08-23"
"Janna","Przybyl","01684-628072","1952-07-30"
"Emiko","Sayre","01660-135336","2000-09-08"
"In","Muns","01574-363346","1955-03-30"
"Eleni","Vanscoik","01208-373467","1997-09-28"
"Kandis","Alsbury","01797-837270","1957-11-14"
"Kina","Saltman","01515-506025","1955-06-25"
"Jacki","Sterback","01820-396117","1939-12-11"
"Fallon","Kerfoot","01538-649750","2013-06-28"
"Precious","Brabble","01687-288043","1928-05-15"
"Glory","Ona","01469-868357","1928-02-03"
"Tamesha","Tyburski","01954-979729","1938-06-02"
"Brande","Cutlip","01947-472569","1967-04-26"
"Olene","Skubis","01250-453315","1977-08-28"
"Carey","Marchetta","01750-379103","1963-11-19"
"Launa","Torez","01670-547878","1929-09-17"
"Dominga","Whitrock","01341-700830","1925-09-06"
"Dwight","Belyea","01822-404490","1993-10-03"
"Cornell","Mccrossin","01608-748971","1957-02-01"
"Alverta","Topete","01685-141932","1957-01-31"
"Felicia","Claybrooks","01722-395799","1977-04-29"
"Carmen","Gillham","01692-491267","1937-12-28"
"Ashlee","Beyl","01832-837946","1956-11-02"
"Vannessa","Land","01206-207771","1963-09-24"
"Patti","Rempel","01539-157435","1928-05-25"
"German","Meyerhoff","01790-887225","1932-11-30"
"Anika","Marse","01942-654793","1933-10-23"
"Cristina","Marola","01264-145506","1938-10-20"
"Lemuel","Allis","01580-252868","1927-12-24"
"Joaquin","Hysom","01616-548910","1946-04-25"
"Kerrie","Makuch","01854-749084","1963-11-24"
"Alaine","Raterman","01927-151413","1969-08-13"
"Shannon","Kobayashi","01620-435994","1942-07-11"
"Corinne","Holman","01933-753592","1914-11-16"
"Heidy","Hallford","01958-748582","1987-01-11"
"Marylyn","Shonerd","01721-694690","1938-01-06"
"Maryln","Mortenson","01618-628525","1948-09-11"
"Pearlie","Flori","01235-935599","1988-02-05"
"Nina","Yaklin","01434-621318","2001-10-18"
"Vivienne","Torrain","01782-100832","2005-06-05"
"Jacob","Kippel","01550-463222","1952-09-22"
"Tula","Nahmias","01846-815511","1943-01-31"
"Berry","Scandalis","01379-603039","2000-06-21"
"Kaycee","Carsten","01270-893129","1970-11-06"
"Melvin","Setter","01401-151569","1936-05-10"
"Brianne","Matsumura","01519-417660","1962-08-18"
"Eugene","Pelzer","01839-920108","1990-03-06"
"Margery","Rohrs","01634-340524","1915-12-31"
"Noel","Sarra","01868-736780","1920-07-08"
"Beula","Lingo","01322-144392","1943-01-14"
"Sheridan","Mckenize","01512-765064","1960-09-22"
"Dino","Meinert","01802-634391","1918-05-24"
"Rebbeca","Rubinstein","01708-724957","1976-07-03"
"Celia","Reisling","01309-159593","1916-05-05"
"Stefania","Weatherwax","01698-705920","1943-07-14"
"Leah","Luchterhand","01777-851028","1965-09-19"
"Billy","Selma","01270-345115","1944-10-13"
"Doug","Lucore","01943-467489","1992-11-22"
"Veronica","Mcclodden","01456-906658","1991-03-27"
"Laquanda","Kho","01725-370369","1992-05-29"
"Mohammad","Poitra","01705-240007","1911-03-18"
"Mozell","Westad","01348-989703","1969-01-14"
"Bronwyn","Bridgford","01407-312329","1969-06-04"
"Jeff","Brossoit","01593-501965","1911-04-07"
"Shantay","Hopman","01516-850881","1954-01-04"
"Chantay","Jirsa","01721-910475","1952-10-12"
"Keneth","Stpierrie","01919-731224","1957-05-27"
"Alton","Rampy","01767-568989","1962-11-19"
"Patrick","Teisberg","01842-131065","1994-12-27"
"Theron","Merriam","01655-809574","1970-09-21"
"Pilar","Seelig","01356-866584","1976-04-12"
"Lashunda","Argiro","01422-728149","2005-12-16"
"Verda","Chiphe","01754-426672","1936-07-30"
"Ashley","Tropp","01951-324927","1918-10-21"
"Vesta","Havely","01772-461124","2001-09-02"
"Emogene","Ritthaler","01681-212638","1936-02-17"
"Shayne","Mordhorst","01286-279043","1962-01-05"
"Franchesca","Charry","01748-827176","1943-10-23"
"Elmira","Ringlein","01934-672498","1939-05-25"
"Destiny","Madlem","01421-624966","1966-05-16"
"Gaston","Szumski","01651-911453","1980-08-07"
"Ronna","Mittler","01214-651738","1991-01-23"
"Angelica","Poisso","01472-449327","2012-04-01"
"Casie","Arzilli","01289-195823","2004-08-31"
"Magdalene","Cocherell","01546-162965","1933-04-15"
"Erasmo","Gath","01445-796544","1978-03-29"
"Rosalia","Ziv","01414-349699","1989-03-15"
"Lyda","Cronholm","01672-538356","1980-01-27"
"Lisandra","Stueber","01831-806301","1927-06-13"
"Sabina","Prok","01932-112259","1951-07-23"
"Elenore","Gomoran","01470-383444","2009-05-04"
"Brynn","Capra","01963-124789","1959-08-03"
"Leeann","Flory","01906-807997","1970-01-31"
"Janet","Steimer","01506-627051","1975-08-15"
"Lewis","Mellom","01954-643657","2006-05-19"
"Jestine","Driscol","01257-928278","1980-09-08"
"Tatum","Parks","01567-457572","1969-06-01"
"Kayleigh","Bendle","01312-772111","1949-06-21"
"Lili","Imondi","01600-986258","1933-05-12"
"Sunshine","Senechal","01416-686933","1943-09-21"
"Remona","Heier","01718-274321","1912-09-27"
"Gail","Carris","01292-196869","1982-11-11"
"Dong","Oropeza","01573-788734","1963-09-07"
"Larue","Ocacio","01577-443040","1971-08-28"
"Goldie","Sonkens","01867-720033","1972-08-23"
"Shelia","Plues","01818-260618","1960-03-04"
"Narcisa","Araiza","01724-644767","1986-11-03"
"Evelynn","Frede","01289-621482","1952-12-09"
"Arlean","Calaf","01448-395723","1954-08-27"
"Tamra","Yu","01891-816938","1971-08-25"
"Dusti","Maricle","01642-202972","1989-09-18"
"Aracelis","Donham","01924-111018","1984-12-07"
"Filiberto","Fredrikson","01559-323337","1911-02-01"
"Leana","Stackpole","01248-325090","1939-07-20"
"Man","Homer","01590-219449","1948-01-28"
"Lennie","Asley","01585-487560","1983-09-06"
"Arletta","Naomi","01255-805722","1977-12-21"
"Chana","Perera","01477-796750","1942-02-08"
"Nell","Pao","01308-582144","1928-03-11"
"Antonio","Heilig","01324-171614","1953-03-05"
"Gerald","Kernagis","01504-620944","2002-12-23"
"Sueann","Mandril","01886-226100","1951-02-19"
"Alayna","Hoyal","01964-720542","2002-11-21"
"Talia","Marthe","01711-170147","1934-06-23"
"Pansy","Kopan","01674-842315","2012-10-01"
"Royce","Saik","01972-770618","1954-11-02"
"Cherelle","Sorrel","01753-327307","1965-08-20"
"Dudley","Dibartolo","01997-409950","1954-12-01"
"Nettie","Aldaco","01388-974910","1975-04-17"
"Carline","Bulcao","01885-707109","1915-05-24"
"Shanda","Lunger","01329-303595","1964-12-24"
"Emilio","Withers","01523-697097","1913-10-20"
"Lovetta","Study","01593-438141","1988-09-17"
"Felice","Gone","01691-816025","1947-03-10"
"Stefania","Leadbeater","01706-546951","1991-02-11"
"Margarita","Orloski","01215-422453","1959-12-18"
"Paul","Farrin","01407-775572","1999-10-22"
"Anglea","Tritten","01818-292728","1974-12-02"
"Ona","Bowhall","01467-554624","1963-07-10"
"Germaine","Hascall","01366-388506","1947-03-10"
"Vicky","Schellenberge","01625-805645","1922-08-06"
"Carolann","Gross","01470-609953","2017-11-12"
"Rusty","Adelsperger","01467-172590","1935-07-14"
"Cassandra","Bludworth","01903-614855","1945-05-29"
"Teresita","Gesell","01914-501391","1940-11-07"
"Evangelina","Gius","01563-997671","1952-10-11"
"Marlon","Tromblay","01919-394681","1914-12-04"
"Quiana","Scarsella","01446-936944","1927-07-10"
"Viki","Humeniuk","01721-747819","1965-07-31"
"Domitila","Weissmann","01606-833878","1914-11-08"
"Ivan","Aronov","01478-392232","1923-09-22"
"Anabel","Baldock","01994-675650","1946-08-19"
"Carlton","Blyler","01437-681317","1933-02-05"
"Rashida","Vera","01286-317691","1952-01-26"
"Sherron","Knodel","01481-744296","1968-04-26"
"Cora","Mossing","01285-381062","2012-01-13"
"Altha","Tischner","01373-594236","1930-02-19"
"Dortha","Yaccarino","01528-240870","1915-10-22"
"Diego","Augle","01275-397587","1959-04-27"
"Peggy","Khov","01619-237602","2016-09-06"
"Walton","Yuki","01872-808403","1924-04-14"
"Vallie","Yafaie","01251-120872","1949-12-04"
"Tony","Diazdeleon","01765-102036","1999-10-20"
"Val","Villot","01375-870188","2011-03-09"
"Mel","Picciuto","01885-270480","1933-12-21"
"Isabella","Piatkowski","01979-186995","1928-10-24"
"Erasmo","Rhea","01507-386397","1935-04-15"
"Ivory","Lohrenz","01876-642683","2004-10-15"
"Nikita","Walka","01282-123434","1936-06-14"
"Aleta","Ligons","01952-535977","1981-09-11"
"Owen","Jentzen","01467-142439","1997-02-09"
"Pauline","Fling","01990-476494","1998-09-22"
"Tijuana","Machalek","01242-532395","2008-06-24"
"Ahmad","Alsaqri","01567-555570","1996-02-13"
"Jamika","Conoly","01726-595316","1983-10-19"
"Derrick","Dolloff","01982-734773","2015-10-20"
"Jacquelyne","Reibman","01846-581451","1917-12-07"
"Zachary","Freeburger","01888-641397","1973-08-27"
"Sophia","Gaucher","01504-539114","1952-11-13"
"Isabelle","Kono","01552-682601","1968-03-13"
"Ronnie","Brigman","01943-754681","1954-09-06"
"Krystina","Schlabaugh","01441-846477","1981-05-17"
"Rosita","Ausdemore","01273-236188","2016-04-12"
"Huey","Stancil","01502-139578","1953-02-27"
"Elbert","Fiorino","01724-467889","1974-10-23"
"Pura","Manciel","01853-412588","1986-11-18"
"Alesia","Katie","01333-436799","1955-02-02"
"Avery","Veit","01748-625058","1924-06-13"
"Reid","Euresti","01916-963261","1961-08-19"
"Charlette","Brenning","01888-152110","1992-12-08"
"Celestina","Keeny","01877-379681","1949-12-18"
"Mi","Richan","01451-785624","2011-04-01"
"James","Butt","70116","2003-03-07"
"Josephine","Darakjy","48116","1922-01-05"
"Art","Venere","08014","1922-01-14"
"Lenna","Paprocki","99501","1916-02-16"
"Donette","Foller","45011","1944-10-26"
"Simona","Morasca","44805","1932-09-07"
"Mitsue","Tollner","60632","1980-09-23"
"Leota","Dilliard","95111","2004-11-13"
"Sage","Wieser","57105","1973-09-25"
"Kris","Marrier","21224","1959-11-22"
"Minna","Amigon","19443","1928-12-14"
"Abel","Maclead","11953","1997-02-18"
"Kiley","Caldarera","90034","1964-03-27"
"Graciela","Ruta","44023","1911-09-04"
"Cammy","Albares","78045","1975-10-14"
"Mattie","Poquette","85013","1930-12-22"
"Meaghan","Garufi","37110","2011-05-22"
"Gladys","Rim","53207","1917-09-30"
"Yuki","Whobrey","48180","1933-06-18"
"Fletcher","Flosi","61109","2007-03-30"
"Bette","Nicka","19014","1927-06-28"
"Veronika","Inouye","95111","1936-07-04"
"Willard","Kolmetz","75062","1934-12-18"
"Maryann","Royster","12204","2014-07-16"
"Alisha","Slusarski","08846","2004-02-17"
"Allene","Iturbide","54481","1959-05-21"
"Chanel","Caudy","66218","1982-07-25"
"Ezekiel","Chui","21601","1927-04-02"
"Willow","Kusko","10011","1924-08-28"
"Bernardo","Figeroa","77301","1952-01-20"
"Ammie","Corrio","43215","1985-06-25"
"Francine","Vocelka","88011","1938-03-03"
"Ernie","Stenseth","07660","2002-12-08"
"Albina","Glick","08812","1970-12-05"
"Alishia","Sergi","10025","1993-05-11"
"Solange","Shinko","70002","1910-04-04"
"Jose","Stockham","10011","2009-08-05"
"Rozella","Ostrosky","93012","1979-09-24"
"Valentine","Gillian","78204","1914-08-20"
"Kati","Rulapaugh","67410","1935-05-04"
"Youlanda","Schemmer","97754","2011-04-21"
"Dyan","Oldroyd","66204","1923-12-15"
"Roxane","Campain","99708","1962-08-31"
"Lavera","Perin","33196","1995-06-25"
"Erick","Ferencz","99712","1946-06-26"
"Fatima","Saylors","55343","1911-05-13"
"Jina","Briddick","02128","1995-04-14"
"Kanisha","Waycott","90006","1952-08-12"
"Emerson","Bowley","53711","1991-05-23"
"Blair","Malet","19132","1929-07-28"
"Brock","Bolognia","10003","1977-07-01"
"Lorrie","Nestle","37388","1912-10-27"
"Sabra","Uyetake","29201","2013-06-12"
"Marjory","Mastella","19087","1925-11-17"
"Karl","Klonowski","08822","1978-09-28"
"Tonette","Wenner","11590","2000-08-10"
"Amber","Monarrez","19046","1915-10-18"
"Shenika","Seewald","91405","1944-08-08"
"Delmy","Ahle","02909","1943-06-05"
"Deeanna","Juhas","19006","1979-10-02"
"Blondell","Pugh","02904","1927-04-09"
"Jamal","Vanausdal","08831","1944-10-16"
"Cecily","Hollack","78731","1945-11-07"
"Carmelina","Lindall","80126","1918-05-19"
"Maurine","Yglesias","53214","1958-08-29"
"Tawna","Buvens","10009","1911-05-15"
"Penney","Weight","99515","1940-12-28"
"Elly","Morocco","16502","1937-01-14"
"Ilene","Eroman","21061","1990-07-22"
"Vallie","Mondella","83707","1954-10-12"
"Kallie","Blackwood","94104","1910-12-17"
"Johnetta","Abdallah","27514","1959-05-23"
"Bobbye","Rhym","94070","1949-08-05"
"Micaela","Rhymes","94520","2010-03-15"
"Tamar","Hoogland","43140","1982-04-11"
"Moon","Parlato","14895","2014-01-01"
"Laurel","Reitler","21215","2016-07-15"
"Delisa","Crupi","07105","1967-04-20"
"Viva","Toelkes","60647","1920-05-22"
"Elza","Lipke","07104","2013-04-10"
"Devorah","Chickering","88101","2009-05-07"
"Timothy","Mulqueen","10309","1930-12-24"
"Arlette","Honeywell","32254","1917-05-04"
"Dominque","Dickerson","94545","1919-09-19"
"Lettie","Isenhower","44122","1925-09-10"
"Myra","Munns","76040","1944-11-06"
"Stephaine","Barfield","90247","2000-07-14"
"Lai","Gato","60201","1941-09-27"
"Stephen","Emigh","44302","1912-07-29"
"Tyra","Shields","19106","1945-07-27"
"Tammara","Wardrip","94010","2014-03-05"
"Cory","Gibes","91776","1974-07-06"
"Danica","Bruschke","76708","1916-10-05"
"Wilda","Giguere","99501","1921-01-08"
"Elvera","Benimadho","95110","1995-09-28"
"Carma","Vanheusen","94577","1965-04-25"
"Malinda","Hochard","46202","1911-04-25"
"Natalie","Fern","82901","1985-09-16"
"Lisha","Centini","22102","1978-08-25"
"Arlene","Klusman","70112","2000-12-28"
"Alease","Buemi","80303","1912-06-15"
"Louisa","Cronauer","94577","1976-08-14"
"Angella","Cetta","96817","1926-10-11"
"Cyndy","Goldammer","55337","1997-06-24"
"Rosio","Cork","27263","1984-05-20"
"Celeste","Korando","11563","2013-05-20"
"Twana","Felger","97224","1971-07-15"
"Estrella","Samu","53511","1994-07-09"
"Donte","Kines","01602","2003-10-31"
"Tiffiny","Steffensmeier","33133","1997-11-30"
"Edna","Miceli","16502","2012-05-19"
"Sue","Kownacki","75149","1941-02-11"
"Jesusa","Shin","37388","1930-10-25"
"Rolland","Francescon","07501","1961-05-26"
"Pamella","Schmierer","33030","1994-08-03"
"Glory","Kulzer","21117","1936-08-09"
"Shawna","Palaspas","91362","2017-06-14"
"Brandon","Callaro","96819","1987-08-24"
"Scarlet","Cartan","31701","1999-09-06"
"Oretha","Menter","02210","1995-10-01"
"Ty","Smith","07601","2005-11-12"
"Xuan","Rochin","94403","1916-03-03"
"Lindsey","Dilello","91761","1951-03-29"
"Devora","Perez","94606","1946-12-30"
"Herman","Demesa","12180","1980-12-25"
"Rory","Papasergi","18411","1954-10-27"
"Talia","Riopelle","07050","1938-07-18"
"Van","Shire","08867","1912-05-25"
"Lucina","Lary","32922","1918-12-15"
"Bok","Isaacs","10468","1954-07-30"
"Rolande","Spickerman","96782","1986-11-22"
"Howard","Paulas","80231","1926-02-01"
"Kimbery","Madarang","07866","1969-02-03"
"Thurman","Manno","08201","1983-06-08"
"Becky","Mirafuentes","07062","2009-10-03"
"Beatriz","Corrington","02346","2014-05-31"
"Marti","Maybury","60638","1962-07-24"
"Nieves","Gotter","97202","1933-09-04"
"Leatha","Hagele","75227","1925-08-26"
"Valentin","Klimek","60604","1935-03-24"
"Melissa","Wiklund","45840","1925-02-03"
"Sheridan","Zane","92501","1962-07-25"
"Bulah","Padilla","76707","2000-09-26"
"Audra","Kohnert","37211","1967-12-31"
"Daren","Weirather","53216","1949-03-26"
"Fernanda","Jillson","21655","1923-05-18"
"Gearldine","Gellinger","75061","2016-04-03"
"Chau","Kitzman","90212","2011-02-14"
"Theola","Frey","11758","1957-06-11"
"Cheryl","Haroldson","08401","1961-11-26"
"Laticia","Merced","45203","1990-03-04"
"Carissa","Batman","97401","1996-08-17"
"Lezlie","Craghead","27577","1983-09-02"
"Ozell","Shealy","10002","1932-08-11"
"Arminda","Parvis","85017","1938-07-09"
"Reita","Leto","46240","1947-06-06"
"Yolando","Luczki","13214","1929-10-12"
"Lizette","Stem","08002","1972-09-25"
"Gregoria","Pawlowicz","11530","1977-06-19"
"Carin","Deleo","72202","1996-01-28"
"Chantell","Maynerich","55101","1977-09-18"
"Dierdre","Yum","19134","1957-07-18"
"Larae","Gudroe","70360","1964-12-17"
"Latrice","Tolfree","11779","2009-02-06"
"Kerry","Theodorov","95827","1986-07-22"
"Dorthy","Hidvegi","83704","1949-09-05"
"Fannie","Lungren","78664","2014-11-27"
"Evangelina","Radde","19123","1918-01-09"
"Novella","Degroot","96720","1940-03-01"
"Clay","Hoa","89502","1975-01-21"
"Jennifer","Fallick","60090","1996-02-05"
"Irma","Wolfgramm","07869","2005-12-26"
"Eun","Coody","29301","1928-11-28"
"Sylvia","Cousey","21074","1957-10-23"
"Nana","Wrinkles","10553","1981-05-07"
"Layla","Springe","10011","1925-05-20"
"Joesph","Degonia","94710","1969-05-24"
"Annabelle","Boord","01742","2002-08-02"
"Stephaine","Vinning","94104","1923-04-04"
"Nelida","Sawchuk","07652","1918-12-16"
"Marguerita","Hiatt","94561","1923-01-25"
"Carmela","Cookey","60623","1987-01-25"
"Junita","Brideau","07009","1991-05-31"
"Claribel","Varriano","43551","1942-10-28"
"Benton","Skursky","90248","1964-11-25"
"Hillary","Skulski","34448","1964-05-08"
"Merilyn","Bayless","95054","1994-12-20"
"Teri","Ennaco","18201","1932-05-07"
"Merlyn","Lawler","07304","1969-06-22"
"Georgene","Montezuma","94583","1958-06-16"
"Jettie","Mconnell","08807","2011-06-01"
"Lemuel","Latzke","11716","1933-07-16"
"Melodie","Knipp","91362","1978-10-10"
"Candida","Corbley","08876","1984-07-24"
"Karan","Karpin","97005","1949-09-13"
"Andra","Scheyer","97302","1938-02-03"
"Felicidad","Poullion","08077","1926-08-23"
"Belen","Strassner","30135","2009-01-21"
"Gracia","Melnyk","32216","2017-07-14"
"Jolanda","Hanafan","04401","1955-08-27"
"Barrett","Toyama","76060","1966-11-08"
"Helga","Fredicks","14228","1965-06-04"
"Ashlyn","Pinilla","33054","1985-08-09"
"Fausto","Agramonte","10038","2003-10-05"
"Ronny","Caiafa","19103","2008-06-01"
"Marge","Limmel","32536","1941-04-06"
"Norah","Waymire","94107","2002-02-21"
"Aliza","Baltimore","95132","2014-01-17"
"Mozell","Pelkowski","94080","1974-03-02"
"Viola","Bitsuie","91325","1975-12-05"
"Franklyn","Emard","19103","1934-08-09"
"Willodean","Konopacki","70506","2014-01-01"
"Beckie","Silvestrini","48126","1943-12-15"
"Rebecka","Gesick","78754","1983-02-01"
"Frederica","Blunk","75207","1924-01-30"
"Glen","Bartolet","98070","1926-04-22"
"Freeman","Gochal","19320","1930-03-12"
"Vincent","Meinerding","19143","1974-11-15"
"Rima","Bevelacqua","90248","1978-11-04"
"Glendora","Sarbacher","94928","1913-10-15"
"Avery","Steier","32803","1990-04-23"
"Cristy","Lother","92025","1912-11-03"
"Nicolette","Brossart","01581","1940-10-27"
"Tracey","Modzelewski","77301","2010-06-17"
"Virgina","Tegarden","53226","1925-07-20"
"Tiera","Frankel","91731","1970-08-15"
"Alaine","Bergesen","10701","2015-01-17"
"Earleen","Mai","75227","1947-12-27"
"Leonida","Gobern","39530","1929-11-09"
"Ressie","Auffrey","33134","1932-05-25"
"Justine","Mugnolo","10048","1951-08-02"
"Eladia","Saulter","07446","1984-10-23"
"Chaya","Malvin","48103","1920-12-04"
"Gwenn","Suffield","11729","1946-04-08"
"Salena","Karpel","44707","1977-11-11"
"Yoko","Fishburne","06511","1957-01-27"
"Taryn","Moyd","22030","2014-11-12"
"Katina","Polidori","01887","1923-07-18"
"Rickie","Plumer","43613","1978-05-20"
"Alex","Loader","98409","1939-01-28"
"Lashon","Vizarro","95661","1924-10-31"
"Lauran","Burnard","82501","1999-03-22"
"Ceola","Setter","04864","2000-07-05"
"My","Rantanen","18954","1987-03-22"
"Lorrine","Worlds","33614","2008-01-13"
"Peggie","Sturiale","92020","1979-02-14"
"Marvel","Raymo","77840","1990-08-13"
"Daron","Dinos","60035","1912-08-27"
"An","Fritz","08401","1947-10-18"
"Portia","Stimmel","08807","1951-10-23"
"Rhea","Aredondo","11226","2002-07-31"
"Benedict","Sama","63104","1987-10-09"
"Alyce","Arias","95207","1953-03-16"
"Heike","Berganza","07424","2011-12-09"
"Carey","Dopico","46220","2003-11-19"
"Dottie","Hellickson","98133","1927-07-26"
"Deandrea","Hughey","27215","2011-02-24"
"Kimberlie","Duenas","67601","1913-02-24"
"Martina","Staback","32822","1921-08-23"
"Skye","Fillingim","55401","1993-12-18"
"Jade","Farrar","29201","1935-06-10"
"Charlene","Hamilton","95407","1965-12-01"
"Geoffrey","Acey","60067","1975-05-30"
"Stevie","Westerbeck","92626","1931-02-04"
"Pamella","Fortino","80212","1928-04-05"
"Harrison","Haufler","06515","1951-05-13"
"Johnna","Engelberg","98021","1936-04-08"
"Buddy","Cloney","44136","1915-10-28"
"Dalene","Riden","03865","1959-08-01"
"Jerry","Zurcher","32937","2008-08-01"
"Haydee","Denooyer","10016","1922-04-06"
"Joseph","Cryer","92647","1988-05-19"
"Deonna","Kippley","48075","2017-01-10"
"Raymon","Calvaresi","46222","1994-05-23"
"Alecia","Bubash","76301","2015-06-15"
"Ma","Layous","06473","1955-03-27"
"Detra","Coyier","21001","1923-10-24"
"Terrilyn","Rodeigues","70130","1925-06-19"
"Salome","Lacovara","23219","1917-11-27"
"Garry","Keetch","18966","1982-02-27"
"Matthew","Neither","55379","2006-03-26"
"Theodora","Restrepo","33136","1985-07-16"
"Noah","Kalafatis","53209","1969-08-06"
"Carmen","Sweigard","08873","2017-01-03"
"Lavonda","Hengel","58102","1993-09-26"
"Junita","Stoltzman","89701","1913-10-18"
"Herminia","Nicolozakes","85254","1984-10-11"
"Casie","Good","37211","1979-04-30"
"Reena","Maisto","21801","1933-05-18"
"Mirta","Mallett","10004","1977-02-14"
"Cathrine","Pontoriero","79109","1984-12-20"
"Filiberto","Tawil","90016","1940-10-17"
"Raul","Upthegrove","91942","1966-10-06"
"Sarah","Candlish","30328","1959-04-30"
"Lucy","Treston","01602","1984-03-31"
"Judy","Aquas","49120","1918-08-17"
"Yvonne","Tjepkema","07004","1962-02-14"
"Kayleigh","Lace","70508","2015-07-19"
"Felix","Hirpara","17517","1979-05-25"
"Tresa","Sweely","63088","1981-05-19"
"Kristeen","Turinetti","76013","1969-01-30"
"Jenelle","Regusters","33619","1966-05-13"
"Renea","Monterrubio","30328","1951-01-15"
"Olive","Matuszak","92234","1911-09-12"
"Ligia","Reiber","48933","1970-09-10"
"Christiane","Eschberger","85034","1968-09-04"
"Goldie","Schirpke","04401","1910-12-18"
"Loreta","Timenez","20735","1921-01-22"
"Fabiola","Hauenstein","17404","1978-11-24"
"Amie","Perigo","75150","1987-12-15"
"Raina","Brachle","59701","1944-06-11"
"Erinn","Canlas","07039","1938-03-12"
"Cherry","Lietz","48329","1993-05-10"
"Kattie","Vonasek","44103","1924-10-02"
"Lilli","Scriven","79601","1924-11-28"
"Whitley","Tomasulo","76107","2007-12-29"
"Barbra","Adkin","11230","1924-08-22"
"Hermila","Thyberg","02903","1981-08-04"
"Jesusita","Flister","17601","1940-05-06"
"Caitlin","Julia","02919","1941-01-08"
"Roosevelt","Hoffis","33014","1982-11-03"
"Helaine","Halter","07304","1997-01-31"
"Lorean","Martabano","78204","1976-08-29"
"France","Buzick","11219","1937-08-25"
"Justine","Ferrario","91768","1942-09-09"
"Adelina","Nabours","44103","2003-09-19"
"Derick","Dhamer","10013","1927-12-21"
"Jerry","Dallen","23219","2003-06-06"
"Leota","Ragel","30753","1982-04-05"
"Jutta","Amyot","70518","1930-02-23"
"Aja","Gehrett","07110","1935-11-20"
"Kirk","Herritt","13850","2008-12-27"
"Leonora","Mauson","07055","1959-04-27"
"Winfred","Brucato","83843","1920-09-09"
"Tarra","Nachor","94104","1933-10-12"
"Corinne","Loder","02760","1988-01-01"
"Dulce","Labreche","48307","2006-12-14"
"Kate","Keneipp","54301","1937-05-14"
"Kaitlyn","Ogg","21230","1987-04-07"
"Sherita","Saras","80937","1968-10-02"
"Lashawnda","Stuer","43607","1936-09-04"
"Ernest","Syrop","20785","2003-12-08"
"Nobuko","Halsey","02745","1940-08-06"
"Lavonna","Wolny","22102","2014-04-22"
"Lashaunda","Lizama","21076","1919-03-04"
"Mariann","Bilden","78753","1980-03-22"
"Helene","Rodenberger","85381","1926-07-23"
"Roselle","Estell","44820","1958-07-24"
"Samira","Heintzman","98032","1922-09-02"
"Margart","Meisel","45251","2004-03-23"
"Kristofer","Bennick","47404","1929-08-05"
"Weldon","Acuff","60004","1932-12-23"
"Shalon","Shadrick","11223","2013-04-13"
"Denise","Patak","32801","1935-02-14"
"Louvenia","Beech","90210","1977-12-14"
"Audry","Yaw","33511","1954-12-10"
"Kristel","Ehmann","79925","1913-07-09"
"Vincenza","Zepp","92020","1926-12-01"
"Elouise","Gwalthney","20710","1922-10-20"
"Venita","Maillard","92801","2006-05-11"
"Kasandra","Semidey","63102","1942-05-31"
"Xochitl","Discipio","78664","1977-03-17"
"Maile","Linahan","27409","1995-05-17"
"Krissy","Rauser","11727","1920-07-27"
"Pete","Dubaldi","07071","1925-07-12"
"Linn","Paa","38112","1942-09-28"
"Paris","Wide","30342","1967-04-24"
"Wynell","Dorshorst","94044","1956-06-12"
"Quentin","Birkner","55337","1945-02-13"
"Regenia","Kannady","85260","1923-06-10"
"Sheron","Louissant","11101","1996-06-23"
"Izetta","Funnell","30340","1940-04-05"
"Rodolfo","Butzen","55057","1913-11-14"
"Zona","Colla","06854","1992-03-11"
"Serina","Zagen","46802","1912-10-14"
"Paz","Sahagun","39307","1994-12-18"
"Markus","Lukasik","48310","1974-11-06"
"Jaclyn","Bachman","80919","1928-04-09"
"Cyril","Daufeldt","10013","1994-02-07"
"Gayla","Schnitzler","94545","1932-06-17"
"Erick","Nievas","60624","1929-02-02"
"Jennie","Drymon","18509","1934-03-07"
"Mitsue","Scipione","95965","1965-04-12"
"Ciara","Ventura","12771","1932-12-26"
"Galen","Cantres","44142","1996-12-22"
"Truman","Feichtner","07003","1967-05-29"
"Gail","Kitty","99501","1946-07-05"
"Dalene","Schoeneck","19102","2013-10-12"
"Gertude","Witten","45217","1910-07-01"
"Lizbeth","Kohl","90248","1976-05-20"
"Glenn","Berray","50315","1921-12-01"
"Lashandra","Klang","19406","1953-11-21"
"Lenna","Newville","27601","1968-02-18"
"Laurel","Pagliuca","99352","2007-11-21"
"Mireya","Frerking","10803","1953-11-11"
"Annelle","Tagala","21234","1946-03-30"
"Dean","Ketelsen","11801","1951-10-13"
"Levi","Munis","01603","2008-02-06"
"Sylvie","Ryser","74105","2003-12-22"
"Sharee","Maile","49442","1935-10-22"
"Cordelia","Storment","70506","2016-08-26"
"Mollie","Mcdoniel","43402","1942-04-14"
"Brett","Mccullan","91942","1956-09-26"
"Teddy","Pedrozo","06610","2017-11-02"
"Tasia","Andreason","07032","1925-11-09"
"Hubert","Walthall","44203","2004-04-15"
"Arthur","Farrow","07631","1992-06-19"
"Vilma","Berlanga","49546","2017-07-20"
"Billye","Miro","39208","2002-09-10"
"Glenna","Slayton","38118","1921-03-14"
"Mitzie","Hudnall","80110","1984-07-18"
"Bernardine","Rodefer","38112","1948-02-06"
"Staci","Schmaltz","91106","1942-08-30"
"Nichelle","Meteer","60657","1938-10-06"
"Janine","Rhoden","11103","2010-06-26"
"Ettie","Hoopengardner","99352","2017-02-23"
"Eden","Jayson","21202","1942-06-18"
"Lynelle","Auber","07104","1956-02-03"
"Merissa","Tomblin","90706","1976-05-25"
"Golda","Kaniecki","08755","1953-12-08"
"Catarina","Gleich","07834","1978-01-16"
"Virgie","Kiel","80216","1931-12-16"
"Jolene","Ostolaza","23608","1968-06-21"
"Keneth","Borgman","85012","1967-08-07"
"Rikki","Nayar","33155","1988-09-08"
"Elke","Sengbusch","85013","2005-05-10"
"Hoa","Sarao","32759","1933-10-30"
"Trinidad","Mcrae","94105","2016-08-12"
"Mari","Lueckenbach","92110","1945-09-14"
"Selma","Husser","07306","1920-07-30"
"Antione","Onofrio","92410","2012-09-25"
"Luisa","Jurney","02138","1920-04-02"
"Clorinda","Heimann","92025","1967-08-27"
"Dick","Wenzinger","90248","1921-11-14"
"Ahmed","Angalich","17110","1941-05-29"
"Iluminada","Ohms","85204","1917-04-14"
"Joanna","Leinenbach","33461","2010-04-30"
"Caprice","Suell","37211","2005-06-07"
"Stephane","Myricks","41005","2011-08-18"
"Quentin","Swayze","48160","1940-11-05"
"Annmarie","Castros","77301","1931-06-15"
"Shonda","Greenbush","07011","1928-12-04"
"Cecil","Lapage","07087","2004-06-06"
"Jeanice","Claucherty","33142","2015-04-15"
"Josphine","Villanueva","38575","1971-12-20"
"Daniel","Perruzza","92705","2010-07-31"
"Cassi","Wildfong","60008","2005-02-15"
"Britt","Galam","19440","1946-09-06"
"Adell","Lipkin","07981","1994-06-14"
"Jacqueline","Rowling","16501","1980-06-19"
"Lonny","Weglarz","84115","1984-01-21"
"Lonna","Diestel","28301","1927-08-17"
"Cristal","Samara","90021","1976-09-11"
"Kenneth","Grenet","48823","1949-05-11"
"Elli","Mclaird","13501","1977-11-04"
"Alline","Jeanty","46601","1929-12-11"
"Sharika","Eanes","32806","1981-05-23"
"Nu","Mcnease","07029","1957-04-05"
"Daniela","Comnick","08611","1934-11-23"
"Cecilia","Colaizzo","53717","1931-07-30"
"Leslie","Threets","10536","2007-09-18"
"Nan","Koppinger","27401","1964-07-19"
"Izetta","Dewar","21217","1927-01-26"
"Tegan","Arceo","08831","1940-06-23"
"Ruthann","Keener","78028","1965-07-24"
"Joni","Breland","60007","1996-05-17"
"Vi","Rentfro","07728","1977-07-04"
"Colette","Kardas","68124","1979-06-16"
"Malcolm","Tromblay","22003","1945-02-14"
"Ryan","Harnos","75075","1964-11-30"
"Jess","Chaffins","10016","2000-12-13"
"Sharen","Bourbon","11791","1952-07-01"
"Nickolas","Juvera","34429","2016-08-22"
"Gary","Nunlee","46040","1951-08-16"
"Diane","Devreese","64504","1979-10-10"
"Roslyn","Chavous","39211","1917-03-17"
"Glory","Schieler","79602","1922-03-24"
"Rasheeda","Sayaphon","95070","1923-02-04"
"Alpha","Palaia","08003","1955-01-24"
"Refugia","Jacobos","94545","1942-10-17"
"Shawnda","Yori","32750","1955-03-25"
"Mona","Delasancha","82001","1960-04-30"
"Gilma","Liukko","11530","2016-03-01"
"Janey","Gabisi","53715","1947-04-18"
"Lili","Paskin","07032","1920-09-05"
"Loren","Asar","18518","1981-12-21"
"Dorothy","Chesterfield","92126","1952-04-24"
"Gail","Similton","92276","1942-02-01"
"Catalina","Tillotson","08402","1997-03-23"
"Lawrence","Lorens","02906","1986-07-08"
"Carlee","Boulter","67410","2012-07-05"
"Thaddeus","Ankeny","95678","1957-08-27"
"Jovita","Oles","32114","1910-03-01"
"Alesia","Hixenbaugh","20001","1967-04-05"
"Lai","Harabedian","94945","1965-11-01"
"Brittni","Gillaspie","83709","1998-03-17"
"Raylene","Kampa","46514","1977-08-15"
"Flo","Bookamer","69301","2015-11-27"
"Jani","Biddy","98104","1965-03-28"
"Chauncey","Motley","32804","1960-12-01"
