"Manu","Model","Yearmanu","NO-SEATS","SPEED","MODEL","TYPE-ACFT"
"CESSNA AIRCRAFT COMPANY","421B","1972","008"
"KAVANAGH BALLOONS","B-350","2012","019"
"BEECH AIRCRAFT CORP","58","1975","006"
"DOUGLAS AIRCRAFT COMPANY","DC3-G202A","1938","032"
"PIPER AIRCRAFT CORP","PA-31","1976","008"
"AMATEUR BUILT AIRCRAFT","RV-10","2006","004"
"CESSNA AIRCRAFT COMPANY","337A","1965","006"
"BEECH AIRCRAFT CORP","D95A","1966","006"
"CESSNA AIRCRAFT COMPANY","337B","1967","006"
"MCDONNELL DOUGLAS CORP.","DC3C-S1C3G","1942","032"
"CESSNA AIRCRAFT COMPANY","337G","1974","006"
"CESSNA AIRCRAFT COMPANY","310R","1976","006"
"PIPER AIRCRAFT CORP","PA-31-350","1977","008"
"PIPER AIRCRAFT CORP","PA-31","1980","008"
"CESSNA AIRCRAFT COMPANY","310R","1978","006"
"BEECH AIRCRAFT CORP","76","1981","004"
"MCDONNELL DOUGLAS CORP.","DC3C-S1C3G","1944","032"
"HAWKER BEECHCRAFT CORPORATION","G58","2008","006"
"BEECH AIRCRAFT CORP","76","1979","004"
"CESSNA AIRCRAFT COMPANY","402C","1980","010"
"SCOTTISH AVIATION","TWIN PIONEER SER 3","1958","019"
"ISRAEL AIRCRAFT INDUSTRIES LTD","1124","1980","010"
"ISRAEL AIRCRAFT INDUSTRIES LTD","1124","1979","010"
"ISRAEL AIRCRAFT INDUSTRIES LTD","1124","1980","010"
"BEECH AIRCRAFT CORP","58","1979","006"
"BEECH AIRCRAFT CORP","58","1978","006"
"BEECH AIRCRAFT CORP","D55","1968","006"
"PIPER AIRCRAFT CORP","PA-23-250","1965","006"
"BEECH AIRCRAFT CORP","95-B55","1974","006"
"PIPER AIRCRAFT CORP","PA-30","1964","004"
"BEECH AIRCRAFT CORP","65-B80","1975","009"
"HAWKER BEECHCRAFT CORPORATION","B200C","2011","011"
"HAWKER BEECHCRAFT CORPORATION","B200C","2011","015"
"HAWKER BEECHCRAFT CORPORATION","B200C","2011","011"
"HAWKER BEECHCRAFT CORPORATION","B200C","2011","015"
"HAWKER BEECHCRAFT CORPORATION","B200C","2011","011"
"HAWKER BEECHCRAFT CORPORATION","B200C","2011","015"
"FAIRCHILD INDUSTRIES INC","SA227-DC","1994","025"
"LEARJET INC","60","2004","006"
"LEARJET INC","60","2004","011"
"CESSNA AIRCRAFT COMPANY","404","1976","008"
"CESSNA AIRCRAFT COMPANY","404","1976","052"
"EMBRAER-EMPRESA BRASILEIRA DE AERONAUTICA","ERJ 170-100 LR","2005","070"
"CESSNA AIRCRAFT COMPANY","404","1977","008"
"CESSNA AIRCRAFT COMPANY","404","1977","052"
"EMBRAER-EMPRESA BRASILEIRA DE AERONAUTICA","ERJ 170-100 LR","2013","070"
"EMBRAER-EMPRESA BRASILEIRA DE AERONAUTICA","ERJ 170-100 LR","2009","070"
"FAIRCHILD INDUSTRIES INC","SA227-DC","1995","025"
"FAIRCHILD INDUSTRIES INC","SA227-DC","1993","025"
"PIPER AIRCRAFT CORP","PA-34-200T","1979","007"
"CESSNA AIRCRAFT COMPANY","T303","1981","004"
"PARTENAVIA COSTRUZIONI AERONAUTICHE SPA","P.68C","1985","007"
"CESSNA AIRCRAFT COMPANY","525","1998","008"
"BEECH AIRCRAFT CORP","95-B55","1968","006"
"KAVANAGH BALLOONS","B-350","2008","019"
"BEECH AIRCRAFT CORP","95-B55","1967","006"
"CESSNA AIRCRAFT COMPANY","401A","1969","008"
"CESSNA AIRCRAFT COMPANY","402B","1974","010"
"CESSNA AIRCRAFT COMPANY","310R","1976","006"
"BEECH AIRCRAFT CORP","76","1978","004"
"PIPER AIRCRAFT CORP","PA-31-350","1981","008"
"CESSNA AIRCRAFT COMPANY","421B","1974","008"
"PIPER AIRCRAFT CORP","PA-23-250","1966","006"
"PIPER AIRCRAFT CORP","PA-34-200T","1977","007"
"PIPER AIRCRAFT CORP","PA-31-350","1974","008"
"PIPER AIRCRAFT CORP","PA-31-350","1979","008"
"KAVANAGH BALLOONS","B-350","2007","019"
"PIPER AIRCRAFT CORP","PA-31-350","1978","008"
"PIPER AIRCRAFT CORP","PA-31","1969","008"
"PIPER AIRCRAFT CORP","PA-31","1981","008"
"BEECH AIRCRAFT CORP","58","1981","006"
"PIPER AIRCRAFT CORP","PA-31-350","1981","008"
"CESSNA AIRCRAFT COMPANY","402C","1981","010"
"CESSNA AIRCRAFT COMPANY","404","1981","008"
"CESSNA AIRCRAFT COMPANY","404","1981","052"
"CESSNA AIRCRAFT COMPANY","441","1978","010"
"BEECH AIRCRAFT CORP","76","1978","004"
"BEECH AIRCRAFT CORP","58","1973","006"
"BEECH AIRCRAFT CORP","36","1968","010"
"BEECH AIRCRAFT CORP","58","1976","006"
"PITTS AVIATION ENTERPRISES","S-2E","1980","004"
"PIPER AIRCRAFT CORP","PA-30","1963","004"
"KAVANAGH BALLOONS","B-350","2000","019"
"PIPER AIRCRAFT CORP","PA-31-350","1979","008"
"BEECH AIRCRAFT CORP","76","1978","004"
"PIPER AIRCRAFT CORP","PA-34-200T","1977","007"
"CESSNA AIRCRAFT COMPANY","310L","1966","006"
"PIPER AIRCRAFT CORP","PA-31","1967","008"
"CESSNA AIRCRAFT COMPANY","402B","1974","010"
"BEECH AIRCRAFT CORP","76","1978","004"
"BEECH AIRCRAFT CORP","95-B55","1977","006"
"CESSNA AIRCRAFT COMPANY","310R","1977","006"
"CESSNA AIRCRAFT COMPANY","402B","1974","010"
"PIPER AIRCRAFT, INC.","PA-44-180","2017","004"
"PIPER AIRCRAFT CORP","PA-23-250","1970","006"
"PIPER AIRCRAFT CORP","PA-34-220T","1981","007"
"BEECH AIRCRAFT CORP","95-B55","1969","006"
"PIPER AIRCRAFT CORP","PA-23-250","1973","006"
"PIPER AIRCRAFT CORP","PA-23-250","1968","006"
"PIPER AIRCRAFT CORP","PA-44-180","1981","004"
"BELL HELICOPTER TEXTRON CANADA LTD","407","2013","004"
"BOMBARDIER INC","CL-600-2B16","1999","022"
"BOMBARDIER INC","CL-600-2B16","1999","021"
"BEECH AIRCRAFT CORP","58P","1976","006"
"BEECH AIRCRAFT CORP","58","1978","006"
"CESSNA AIRCRAFT COMPANY","310R","1976","006"
"BEECH AIRCRAFT CORP","58","1981","006"
"RAYTHEON AIRCRAFT COMPANY","HAWKER 850XP","2008","015"
"CESSNA AIRCRAFT COMPANY","402A","1969","009"
"PIPER AIRCRAFT CORP","PA-30","1970","004"
"CESSNA AIRCRAFT COMPANY","310R","1977","006"
"MCDONNELL DOUGLAS CORP.","DC3C-S1C3G","1944","032"
"CESSNA AIRCRAFT COMPANY","310L","1967","006"
"CESSNA AIRCRAFT COMPANY","402","1967","009"
"CESSNA AIRCRAFT COMPANY","402","1967","002"
"EMBRAER-EMPRESA BRASILEIRA DE AERONAUTICA","EMB-110P1","1981","020"
"BEECH AIRCRAFT CORP","J50","1962","006"
"PIPER AIRCRAFT CORP","PA-31","1969","008"
"PIPER AIRCRAFT CORP","PA-31-325","1981","008"
"BEECH AIRCRAFT CORP","58","1974","006"
"CESSNA AIRCRAFT COMPANY","425","1985","012"
"CESSNA AIRCRAFT COMPANY","425","1985","008"
"KAVANAGH BALLOONS","B-350","2009","019"
"BEECH AIRCRAFT CORP","95-B55","1975","006"
"PIPER AIRCRAFT CORP","PA-31","1979","008"
"PIPER AIRCRAFT CORP","PA-34-200T","1977","007"
"PIPER AIRCRAFT CORP","PA-31","1982","008"
"BEECH AIRCRAFT CORP","76","1980","004"
"BEECH AIRCRAFT CORP","76","1981","004"
"PIPER AIRCRAFT CORP","PA-34-200","1974","007"
"CESSNA AIRCRAFT COMPANY","402","1967","009"
"CESSNA AIRCRAFT COMPANY","402","1967","002"
"CESSNA AIRCRAFT COMPANY","310R","1977","006"
"KAVANAGH BALLOONS","B-350","2007","019"
"PIPER AIRCRAFT CORP","PA-42","1980","011"
"AMATEUR BUILT AIRCRAFT","RV-10","2014","004"
"BEECH AIRCRAFT CORP","58","1974","006"
"CESSNA AIRCRAFT COMPANY","310R","1978","006"
"BEECH AIRCRAFT CORP","35","1948","010"
"PIPER AIRCRAFT CORP","PA-31-350","1974","008"
"PIPER AIRCRAFT CORP","PA-31-350","1978","008"
"CESSNA AIRCRAFT COMPANY","402B","1978","010"
"THE BOEING COMPANY","737-8FE","2010","189"
"CESSNA AIRCRAFT COMPANY","310R","1978","006"
"BEECH AIRCRAFT CORP","400A","1997","010"
"PIPER AIRCRAFT CORP","PA-23-250","1968","006"
"CESSNA AIRCRAFT COMPANY","402C","1979","010"
"BEECH AIRCRAFT CORP","36","1969","010"
"CONSOLIDATED AERONAUTICS INC","PBY-6A","1945","004"
"AERO COMMANDER","560-E","1959","007"
"AERO COMMANDER","680-E","1959","007"
"BEECH AIRCRAFT CORP","95-B55","1974","006"
"PIPER AIRCRAFT CORP","PA-23-250","1965","006"
"CESSNA AIRCRAFT COMPANY","414A","1979","008"
"PIPER AIRCRAFT CORP","PA-34-200","1972","007"
"BEECH AIRCRAFT CORP","B200C","1981","011"
"BEECH AIRCRAFT CORP","B200C","1981","015"
"BEECH AIRCRAFT CORP","76","1981","004"
"BOMBARDIER INC","BD-700-1A10","2008","023"
"CESSNA AIRCRAFT COMPANY","550","2001","008"
"PIPER AIRCRAFT CORP","PA-31-350","1977","008"
"CESSNA AIRCRAFT COMPANY","404","1981","008"
"CESSNA AIRCRAFT COMPANY","404","1981","052"
"BOMBARDIER INC","BD-700-1A10","2003","023"
"BOMBARDIER INC","BD-700-1A10","2007","023"
"BEECH AIRCRAFT CORP","B50","1954","006"
"CESSNA AIRCRAFT COMPANY","525","1996","008"
"CESSNA AIRCRAFT COMPANY","T337G","1974","006"
"BEECH AIRCRAFT CORP","95-C55","1967","006"
"BEECH AIRCRAFT CORP","C90","1971","009"
"BEECH AIRCRAFT CORP","D95A","1964","006"
"VULCANAIR S.P.A.","P.68C","2002","007"
"KAVANAGH BALLOONS","B-350","2007","019"
"GULFSTREAM AEROSPACE CORP","G-IV","1988","022"
"PIPER AIRCRAFT CORP","PA-34-200T","1975","007"
"SCOTTISH AVIATION","101","1971","011"
"CESSNA AIRCRAFT COMPANY","340A","1976","006"
"CESSNA AIRCRAFT COMPANY","340A","1976","037"
"CESSNA AIRCRAFT COMPANY","310R","1980","006"
"VULCANAIR S.P.A.","P.68C","2008","007"
"KAVANAGH BALLOONS","B-350","2003","019"
"PIPER AIRCRAFT CORP","PA-31-350","1981","008"
"CESSNA AIRCRAFT COMPANY","310K","1966","006"
"BEECH AIRCRAFT CORP","D55","1970","006"
"BEECH AIRCRAFT CORP","58","1981","006"
"CESSNA AIRCRAFT COMPANY","310R","1975","006"
"CESSNA AIRCRAFT COMPANY","310Q","1974","006"
"BEECH AIRCRAFT CORP","58","1970","006"
"BELL HELICOPTER TEXTRON CANADA LTD","407","2008","004"
"CESSNA AIRCRAFT COMPANY","310K","1966","006"
"BEECH AIRCRAFT CORP","76","1979","004"
"FAIRCHILD INDUSTRIES INC","SA227-DC","1999","025"
"RAYTHEON AIRCRAFT COMPANY","58","1998","006"
"PIPER AIRCRAFT CORP","PA-34-200T","1977","007"
"PIPER AIRCRAFT CORP","PA-30","1969","004"
"PIPER AIRCRAFT CORP","PA-34-200T","1975","007"
"CESSNA AIRCRAFT COMPANY","310R","1981","006"
"PIPER AIRCRAFT CORP","PA-34-200T","1978","007"
"CESSNA AIRCRAFT COMPANY","340","1973","006"
"CESSNA AIRCRAFT COMPANY","340","1973","046"
"CESSNA AIRCRAFT COMPANY","337H","1978","006"
"CESSNA AIRCRAFT COMPANY","340","1972","006"
"CESSNA AIRCRAFT COMPANY","340","1972","046"
"GRUMMAN AMERICAN AVIATION CORP","G-73","1948","012"
"DASSAULT- AVIATION","FALCON 7X","2013","011"
"BEECH AIRCRAFT CORP","95-B55","1977","006"
"CESSNA AIRCRAFT COMPANY","310R","1980","006"
"CESSNA AIRCRAFT COMPANY","501","1979","008"
"PIPER AIRCRAFT CORP","PA-23-250","1969","006"
"RAYTHEON AIRCRAFT COMPANY","G58","2006","006"
"PIPER AIRCRAFT CORP","PA-30","1968","004"
"PIPER AIRCRAFT CORP","PA-39","1971","006"
"BEECH AIRCRAFT CORP","B200C","1984","011"
"BEECH AIRCRAFT CORP","B200C","1984","015"
"BEECH AIRCRAFT CORP","58","1988","006"
"CESSNA AIRCRAFT COMPANY","310R","1979","006"
"LEARJET INC","45","2001","012"
"CESSNA AIRCRAFT COMPANY","402C","1980","010"
"PIPER AIRCRAFT CORP","PA-31","1967","008"
"PIPER AIRCRAFT CORP","PA-31","1974","008"
"PIPER AIRCRAFT CORP","PA-44-180","2004","004"
"PIPER AIRCRAFT CORP","PA-44-180","2005","004"
"CESSNA AIRCRAFT COMPANY","525","1996","008"
"CESSNA AIRCRAFT COMPANY","310R","1977","006"
"CESSNA AIRCRAFT COMPANY","310R","1975","006"
"CESSNA AIRCRAFT COMPANY","310C","1958","005"
"PIPER AIRCRAFT CORP","PA-34-200T","1976","007"
"AERO COMMANDER","500-A","1963","007"
"BEECH AIRCRAFT CORP","95-A55","1963","006"
"PIPER AIRCRAFT CORP","PA-23-250","1978","006"
"BEECH AIRCRAFT CORP","95-B55","1978","006"
"CESSNA AIRCRAFT COMPANY","421B","1974","008"
"PIPER AIRCRAFT CORP","PA-31","1978","008"
"PIPER AIRCRAFT CORP","PA-31","1980","008"
"PIPER AIRCRAFT CORP","PA-31","1979","008"
"BEECH AIRCRAFT CORP","23","1963","008"
"BEECH AIRCRAFT CORP","D55","1968","006"
"AMATEUR BUILT AIRCRAFT","DEFIANT","2006","004"
"PIPER AIRCRAFT CORP","PA-30","1965","004"
"CESSNA AIRCRAFT COMPANY","650","1992","012"
"PIPER AIRCRAFT CORP","PA-34-200T","1977","007"
"BEECH AIRCRAFT CORP","36","1968","010"
"BELL HELICOPTER CO","407","2006","004"
"CESSNA AIRCRAFT COMPANY","310J","1965","006"
"CESSNA AIRCRAFT COMPANY","404","1981","008"
"CESSNA AIRCRAFT COMPANY","404","1981","052"
"BEECH AIRCRAFT CORP","58","1981","006"
"PIPER AIRCRAFT CORP","PA-23-250","1962","006"
"BEECH AIRCRAFT CORP","58","1979","006"
"CESSNA AIRCRAFT COMPANY","337G","1974","006"
"AMATEUR BUILT AIRCRAFT","100","1974","011"
"MCDONNELL DOUGLAS CORP.","DC3C-S1C3G","1943","032"
"CESSNA AIRCRAFT COMPANY","337","1964","006"
"DIAMOND AIRCRAFT INDUSTRIES GMBH","DA 62","2016","007"
"BEECH AIRCRAFT CORP","23","1963","008"
"CESSNA AIRCRAFT COMPANY","337B","1966","006"
"CESSNA AIRCRAFT COMPANY","340A","1976","006"
"CESSNA AIRCRAFT COMPANY","340A","1976","037"
"PIPER AIRCRAFT CORP","PA-30","1969","004"
"CESSNA AIRCRAFT COMPANY","414A","1978","008"
"CESSNA AIRCRAFT COMPANY","310R","1979","006"
"CESSNA AIRCRAFT COMPANY","340A","1977","006"
"CESSNA AIRCRAFT COMPANY","340A","1977","037"
"PIPER AIRCRAFT CORP","PA-23-160","1958","005"
"PIPER AIRCRAFT CORP","PA-30","1964","004"
"DIAMOND AIRCRAFT INDUSTRIES","DA 42","2007","004"
"PIPER AIRCRAFT CORP","PA-31-350","1978","008"
"PIPER AIRCRAFT CORP","PA-23-250","1968","006"
"DIAMOND AIRCRAFT INDUSTRIES","DA 42","2007","004"
"MITSUBISHI AIRCRAFT INT","MU-2B-20","1968","009"
"CESSNA AIRCRAFT COMPANY","337B","1966","006"
"NORTH AMERICAN AVIATION INC","T-28B","1955","002"
"PIPER AIRCRAFT CORP","PA-30","1965","004"
"AMATEUR BUILT AIRCRAFT","RV-10","2011","004"
"BEECH AIRCRAFT CORP","76","1979","004"
"BEECH AIRCRAFT CORP","76","1978","004"
"CESSNA AIRCRAFT COMPANY","310R","1975","006"
"PIPER AIRCRAFT CORP","PA-31-350","1979","008"
"BEECH AIRCRAFT CORP","76","1978","004"
"CESSNA AIRCRAFT COMPANY","310K","1966","006"
"PIPER AIRCRAFT CORP","PA-31","1969","008"
"BEECH AIRCRAFT CORP","95-C55","1967","006"
"PIPER AIRCRAFT CORP","PA-31-350","1976","008"
"BEECH AIRCRAFT CORP","200","1980","011"
"BEECH AIRCRAFT CORP","200","1980","019"
"BEECH AIRCRAFT CORP","200","1980","011"
"ROCKWELL INTERNATIONAL","500-S","1975","007"
"CESSNA AIRCRAFT COMPANY","310R","1975","006"
"MCDONNELL DOUGLAS CORP.","C-47B","1945","032"
"LOCKHEED AIRCRAFT CORP","C-121C","1955","112"
"CONVAIR","C-131F","1956","054"
"PIPER AIRCRAFT CORP","PA-30","1967","004"
"MCDONNELL DOUGLAS CORP.","C54E-DC","1945","060"
"AIRBUS INDUSTRIE","A330-202","2002","379"
"AIRBUS INDUSTRIE","A330-202","2003","379"
"AIRBUS INDUSTRIE","A330-202","2007","379"
"AIRBUS INDUSTRIE","A330-203","2007","381"
"AIRBUS INDUSTRIE","A330-202","2008","379"
"AIRBUS INDUSTRIE","A330-203","2008","381"
"AIRBUS INDUSTRIE","A330-202","2009","379"
"AIRBUS INDUSTRIE","A330-202","2010","379"
"AIRBUS INDUSTRIE","A330-202","2011","379"
"AIRBUS INDUSTRIE","A330-202","2012","379"
"PIPER AIRCRAFT CORP","PA-31-350","1974","008"
"PIPER AIRCRAFT CORP","PA-31-350","1979","008"
"CESSNA AIRCRAFT COMPANY","421B","1973","008"
"BEECH AIRCRAFT CORP","58","1979","006"
"PIPER AIRCRAFT CORP","PA-23","1957","005"
"BEECH AIRCRAFT CORP","95-55","1961","006"
"CESSNA AIRCRAFT COMPANY","310L","1967","006"
"BEECH AIRCRAFT CORP","58","1970","006"
"PIPER AIRCRAFT CORP","PA-30","1969","004"
"PIPER AIRCRAFT CORP","PA-31-350","1973","008"
"PIPER AIRCRAFT CORP","PA-30","1967","004"
"CESSNA AIRCRAFT COMPANY","550","1982","008"
"RAYTHEON AIRCRAFT COMPANY","B200","2000","011"
"RAYTHEON AIRCRAFT COMPANY","B200","2000","015"
"RAYTHEON AIRCRAFT COMPANY","B200","2000","011"
"THE BOEING COMPANY","767-381F","2006","330"
"PIPER AIRCRAFT CORP","PA-23-250","1974","006"
"BEECH AIRCRAFT CORP","95-B55","1969","006"
"RAYTHEON AIRCRAFT COMPANY","400A","2005","010"
"HAWKER BEECHCRAFT CORPORATION","400A","2008","010"
"PIPER AIRCRAFT CORP","PA-31","1970","008"
"CESSNA AIRCRAFT COMPANY","510","2009","007"
"BEECH AIRCRAFT CORP","B100","1980","011"
"CESSNA AIRCRAFT COMPANY","550","1980","008"
"BEECH AIRCRAFT CORP","1900D","1995","019"
"S.A.A.B. AIRCRAFT CO","340B","1995","037"
"S.A.A.B. AIRCRAFT CO","340B","1995","039"
"S.A.A.B. AIRCRAFT CO","340A","1987","006"
"S.A.A.B. AIRCRAFT CO","340A","1987","037"
"S.A.A.B. AIRCRAFT CO","340B","1991","037"
"S.A.A.B. AIRCRAFT CO","340B","1991","039"
"ROCKWELL INTERNATIONAL","100","1968","011"
"BEECH AIRCRAFT CORP","1900C","1990","019"
"BEECH AIRCRAFT CORP","C90A","1994","009"
"PIPER AIRCRAFT CORP","PA-23-160","1961","005"
"CESSNA AIRCRAFT COMPANY","340A","1976","006"
"CESSNA AIRCRAFT COMPANY","340A","1976","037"
"CESSNA AIRCRAFT COMPANY","S550","1985","008"
"BEECH AIRCRAFT CORP","58","1986","006"
"BEECH AIRCRAFT CORP","58","1985","006"
"CESSNA AIRCRAFT COMPANY","404","1981","008"
"CESSNA AIRCRAFT COMPANY","404","1981","052"
"CESSNA AIRCRAFT COMPANY","337G","1973","006"
"HAWKER BEECHCRAFT CORPORATION","G58","2012","006"
"EMBRAER-EMPRESA BRASILEIRA DE AERONAUTICA","EMB-110P1","1979","020"
"PIPER AIRCRAFT CORP","PA-23-250","1964","006"
"PIPER AIRCRAFT CORP","PA-30","1966","004"
"CESSNA AIRCRAFT COMPANY","441","1978","010"
"PIPER AIRCRAFT CORP","PA-44-180T","1981","004"
"CESSNA AIRCRAFT COMPANY","421C","1977","008"
"PIPER AIRCRAFT CORP","PA-30","1966","004"
"GATES LEARJET CORP","35A","1986","010"
"AMATEUR BUILT AIRCRAFT","RV-10","2007","004"
"GATES LEARJET CORP","35A","1977","010"
"PIPER AIRCRAFT CORP","PA-34-200","1973","007"
"BEECH AIRCRAFT CORP","58","1971","006"
"PIPER AIRCRAFT CORP","PA-31-325","1981","008"
"KAVANAGH BALLOONS","B-350","2007","019"
"PITTS AVIATION ENTERPRISES","S-2A","1978","002"
"BEECH AIRCRAFT CORP","95-B55","1975","006"
"PIPER AIRCRAFT CORP","PA-30","1969","004"
"RAYTHEON AIRCRAFT COMPANY","B200","1999","011"
"RAYTHEON AIRCRAFT COMPANY","B200","1999","015"
"RAYTHEON AIRCRAFT COMPANY","B200","1999","011"
"BEECH AIRCRAFT CORP","76","1978","004"
"KAVANAGH BALLOONS","B-350","2011","019"
"BEECH AIRCRAFT CORP","B300","1994","019"
"AERO COMMANDER","500-S","1975","007"
"AERO COMMANDER","500-U","1967","007"
"CESSNA AIRCRAFT COMPANY","680","2006","007"
"CESSNA AIRCRAFT COMPANY","680","2006","009"
"ROCKWELL INTERNATIONAL","100","1967","011"
"CESSNA AIRCRAFT COMPANY","680","2007","007"
"CESSNA AIRCRAFT COMPANY","680","2007","009"
"BELL HELICOPTER TEXTRON CANADA LTD","407","2005","004"
"PIPER AIRCRAFT CORP","PA-31","1969","008"
"BEECH AIRCRAFT CORP","65-B80","1967","009"
"BEECH AIRCRAFT CORP","58","1972","006"
"CESSNA AIRCRAFT COMPANY","550","2003","008"
"REIMS AVIATION S.A.","F406","1990","014"
"HAWKER BEECHCRAFT CORPORATION","G58","2011","006"
"BEECH AIRCRAFT CORP","58","1981","006"
"RAYTHEON AIRCRAFT COMPANY","58","2000","006"
"PIPER AIRCRAFT CORP","PA-34-200","1972","007"
"PIPER AIRCRAFT CORP","PA-23","1960","005"
"CESSNA AIRCRAFT COMPANY","310R","1977","006"
"BEECH AIRCRAFT CORP","23","1963","008"
"CESSNA AIRCRAFT COMPANY","501","1979","008"
"CESSNA AIRCRAFT COMPANY","414A","1981","008"
"HAWKER BEECHCRAFT CORPORATION","B200","2007","011"
"HAWKER BEECHCRAFT CORPORATION","B200","2007","015"
"HAWKER BEECHCRAFT CORPORATION","B200","2007","011"
"RAYTHEON AIRCRAFT COMPANY","B200","2007","011"
"RAYTHEON AIRCRAFT COMPANY","B200","2007","015"
"RAYTHEON AIRCRAFT COMPANY","B200","2007","011"
"TEXTRON AVIATION INC.","B300C","2016","019"
"TEXTRON AVIATION INC.","B300C","2016","018"
"TEXTRON AVIATION INC.","B300C","2016","010"
"TEXTRON AVIATION INC.","B300C","2016","019"
"TEXTRON AVIATION INC.","B300C","2016","018"
"TEXTRON AVIATION INC.","B300C","2016","010"
"PILATUS AIRCRAFT LTD","PC-12/45","2000","012"
"TEXTRON AVIATION INC.","B300C","2015","019"
"TEXTRON AVIATION INC.","B300C","2015","018"
"TEXTRON AVIATION INC.","B300C","2015","010"
"HAWKER BEECHCRAFT CORPORATION","B200","2009","011"
"HAWKER BEECHCRAFT CORPORATION","B200","2009","015"
"HAWKER BEECHCRAFT CORPORATION","B200","2009","011"
"HAWKER BEECHCRAFT CORPORATION","B200C","2010","011"
"HAWKER BEECHCRAFT CORPORATION","B200C","2010","015"
"PILATUS AIRCRAFT LTD","PC-12/45","2003","012"
"BEECHCRAFT CORPORATION","B200","2014","011"
"BEECHCRAFT CORPORATION","B200","2014","015"
"BEECHCRAFT CORPORATION","B200","2014","011"
"HAWKER BEECHCRAFT CORPORATION","B200C","2010","011"
"HAWKER BEECHCRAFT CORPORATION","B200C","2010","015"
"BEECHCRAFT CORPORATION","B300C","2014","019"
"BEECHCRAFT CORPORATION","B300C","2014","018"
"BEECHCRAFT CORPORATION","B300C","2014","010"
"BEECHCRAFT CORPORATION","B200","2014","011"
"BEECHCRAFT CORPORATION","B200","2014","015"
"BEECHCRAFT CORPORATION","B200","2014","011"
"PILATUS AIRCRAFT LTD","PC-12/45","2001","012"
"PIPER AIRCRAFT CORP","PA-31-350","1976","008"
"RAYTHEON AIRCRAFT COMPANY","B200","2004","011"
"RAYTHEON AIRCRAFT COMPANY","B200","2004","015"
"RAYTHEON AIRCRAFT COMPANY","B200","2004","011"
"HAWKER BEECHCRAFT CORPORATION","B200C","2010","011"
"HAWKER BEECHCRAFT CORPORATION","B200C","2010","015"
"HAWKER BEECHCRAFT CORPORATION","B200","2007","011"
"HAWKER BEECHCRAFT CORPORATION","B200","2007","015"
"HAWKER BEECHCRAFT CORPORATION","B200","2007","011"
"BEECH AIRCRAFT CORP","65","1966","009"
"BEECH AIRCRAFT CORP","65","1966","012"
"RAYTHEON AIRCRAFT COMPANY","B200","2004","011"
"RAYTHEON AIRCRAFT COMPANY","B200","2004","015"
"RAYTHEON AIRCRAFT COMPANY","B200","2004","011"
"BEECH AIRCRAFT CORP","B95","1960","005"
"RAYTHEON AIRCRAFT COMPANY","B200","2004","011"
"RAYTHEON AIRCRAFT COMPANY","B200","2004","015"
"RAYTHEON AIRCRAFT COMPANY","B200","2004","011"
"PIPER AIRCRAFT CORP","PA-34-200T","1978","007"
"BEECH AIRCRAFT CORP","95-B55","1979","006"
"PITTS AVIATION ENTERPRISES","S-2A","1979","002"
"PIPER AIRCRAFT CORP","PA-34-220T","1981","007"
"BEECH AIRCRAFT CORP","B200","1982","011"
"BEECH AIRCRAFT CORP","B200","1982","015"
"BEECH AIRCRAFT CORP","B200","1982","011"
"CESSNA AIRCRAFT COMPANY","402B","1976","010"
"BOMBARDIER INC","BD-700-1A10","2005","023"
"BEECH AIRCRAFT CORP","95-C55","1966","006"
"PILATUS AIRCRAFT LTD","PC-12/45","2001","012"
"AERO COMMANDER","500-S","1969","007"
"PIPER AIRCRAFT CORP","PA-31","1972","008"
"PIPER AIRCRAFT CORP","PA-31-325","1981","008"
"PIPER AIRCRAFT CORP","PA-23-250","1960","006"
"PIPER AIRCRAFT CORP","PA-31-350","1977","008"
"PIPER AIRCRAFT CORP","PA-34-200T","1977","007"
"PIPER AIRCRAFT CORP","PA-23-250","1967","006"
"AMATEUR BUILT AIRCRAFT","RV-10","2011","004"
"BEECH AIRCRAFT CORP","B300","1992","019"
"HAWKER BEECHCRAFT CORPORATION","B300","2011","019"
"DASSAULT- AVIATION","FALCON 2000","1996","014"
"EMBRAER-EMPRESA BRASILEIRA DE AERONAUTICA","EMB-500","2011","006"
"DASSAULT AVIATION","MYSTERE-FALCON 50","1995","022"
"HAWKER BEECHCRAFT CORPORATION","B200GT","2011","009"
"CESSNA AIRCRAFT COMPANY","414A","1981","008"
"HAWKER BEECHCRAFT CORPORATION","G58","2013","006"
"BEECH AIRCRAFT CORP","D95A","1966","006"
"CESSNA AIRCRAFT COMPANY","310Q","1974","006"
"BEECH AIRCRAFT CORP","58","1973","006"
"BOMBARDIER INC","BD-700-1A10","1999","023"
"PIPER AIRCRAFT CORP","PA-31","1981","008"
"PIPER AIRCRAFT CORP","PA-31","1980","008"
"CESSNA AIRCRAFT COMPANY","441","1979","010"
"BEECH AIRCRAFT CORP","95-B55","1966","006"
"PIPER AIRCRAFT CORP","PA-31","1982","008"
"PILATUS AIRCRAFT LTD","PC-12/45","1995","012"
"PILATUS AIRCRAFT LTD","PC-12/45","1996","012"
"CESSNA AIRCRAFT COMPANY","510","2012","007"
"NORTH AMERICAN AVIATION INC","T-28B","1954","002"
"AIRBUS INDUSTRIE","A320-231","1993","182"
"PIPER AIRCRAFT CORP","PA-34-200","1973","007"
"BEECH AIRCRAFT CORP","B200","1983","011"
"BEECH AIRCRAFT CORP","B200","1983","015"
"BEECH AIRCRAFT CORP","B200","1983","011"
"PIPER AIRCRAFT CORP","PA-44-180","1979","004"
"BEECH AIRCRAFT CORP","B200","1992","011"
"BEECH AIRCRAFT CORP","B200","1992","015"
"BEECH AIRCRAFT CORP","B200","1992","011"
"GLASFLUGEL","MOSQUITO","1977","002"
"CESSNA AIRCRAFT COMPANY","337G","1974","006"
"PIPER AIRCRAFT CORP","PA-34-200T","1978","007"
"PIPER AIRCRAFT CORP","PA-23-250","1979","006"
"BEECH AIRCRAFT CORP","95-B55","1978","006"
"PIPER AIRCRAFT CORP","PA-31-350","1976","008"
"CESSNA AIRCRAFT COMPANY","501","1982","008"
"ATR - GIE AVIONS DE TRANSPORT REGIONAL","ATR72-212A","2011","076"
"ATR - GIE AVIONS DE TRANSPORT REGIONAL","ATR72-212A","2012","076"
"CESSNA AIRCRAFT COMPANY","310R","1977","006"
"ATR - GIE AVIONS DE TRANSPORT REGIONAL","ATR72-212A","2011","076"
"ATR - GIE AVIONS DE TRANSPORT REGIONAL","ATR72-212A","2013","076"
"BEECH AIRCRAFT CORP","1900C","1986","019"
"BEECH AIRCRAFT CORP","A65-8200","1968","011"
"PIPER AIRCRAFT CORP","PA-31","1977","008"
"BEECH AIRCRAFT CORP","36","1968","010"
"CESSNA AIRCRAFT COMPANY","550","1980","008"
"PIPER AIRCRAFT CORP","PA-34-220T","1981","007"
"CESSNA AIRCRAFT COMPANY","340","1975","006"
"CESSNA AIRCRAFT COMPANY","340","1975","046"
"CESSNA AIRCRAFT COMPANY","310Q","1974","006"
"CESSNA AIRCRAFT COMPANY","310Q","1973","006"
"BEECH AIRCRAFT CORP","58","1973","006"
"CESSNA AIRCRAFT COMPANY","T310R","1978","006"
"BEECH AIRCRAFT CORP","95-B55","1980","006"
"GLASFLUGEL","MOSQUITO","1976","002"
"CESSNA AIRCRAFT COMPANY","404","1977","008"
"CESSNA AIRCRAFT COMPANY","404","1977","052"
"GLASFLUGEL","MOSQUITO","1977","002"
"GLASFLUGEL","KESTREL","1973","001"
"GLASFLUGEL","MOSQUITO","1977","002"
"GLASFLUGEL","MOSQUITO","1976","002"
"HAWKER BEECHCRAFT CORPORATION","C90GTi","2008","006"
"GRUMMAN AMERICAN AVIATION CORP","G-21A","1944","008"
"PIPER AIRCRAFT CORP","PA-30","1967","004"
"GLASFLUGEL","KESTREL","1969","001"
"GLASFLUGEL","MOSQUITO","1977","002"
"KAVANAGH BALLOONS","B-350","2016","019"
"CESSNA AIRCRAFT COMPANY","404","1977","008"
"CESSNA AIRCRAFT COMPANY","404","1977","052"
"CESSNA AIRCRAFT COMPANY","340","1972","006"
"CESSNA AIRCRAFT COMPANY","340","1972","046"
"CESSNA AIRCRAFT COMPANY","310R","1976","006"
"BEECH AIRCRAFT CORP","95-B55","1978","006"
"BEECH AIRCRAFT CORP","58","1976","006"
"CESSNA AIRCRAFT COMPANY","310R","1974","006"
"CESSNA AIRCRAFT COMPANY","340","1972","006"
"CESSNA AIRCRAFT COMPANY","340","1972","046"
"BEECH AIRCRAFT CORP","58","1972","006"
"PIPER AIRCRAFT CORP","PA-31-350","1978","008"
"PIPER AIRCRAFT CORP","PA-31-350","1977","008"
"PIPER AIRCRAFT CORP","PA-31-350","1980","008"
"BEECH AIRCRAFT CORP","95-B55","1978","006"
"PIPER AIRCRAFT CORP","PA-31-350","1981","008"
"BEECH AIRCRAFT CORP","B200","1984","011"
"BEECH AIRCRAFT CORP","B200","1984","015"
"BEECH AIRCRAFT CORP","B200","1984","011"
"PIPER AIRCRAFT CORP","PA-34-200T","1977","007"
"CESSNA AIRCRAFT COMPANY","500","1972","007"
"CESSNA AIRCRAFT COMPANY","500","1972","006"
"CESSNA AIRCRAFT COMPANY","500","1972","008"
"CESSNA AIRCRAFT COMPANY","500","1972","005"
"CESSNA AIRCRAFT COMPANY","500","1972","021"
"BEECH AIRCRAFT CORP","B200","1982","011"
"BEECH AIRCRAFT CORP","B200","1982","015"
"BEECH AIRCRAFT CORP","B200","1982","011"
"BEECH AIRCRAFT CORP","58","1975","006"
"CESSNA AIRCRAFT COMPANY","404","1977","008"
"CESSNA AIRCRAFT COMPANY","404","1977","052"
"PIPER AIRCRAFT CORP","PA-44-180","1979","004"
"CESSNA AIRCRAFT COMPANY","310Q","1972","006"
"BEECH AIRCRAFT CORP","58","1972","006"
"CESSNA AIRCRAFT COMPANY","402C","1984","010"
"CESSNA AIRCRAFT COMPANY","310Q","1973","006"
"PIPER AIRCRAFT CORP","PA-44-180","1979","004"
"CESSNA AIRCRAFT COMPANY","441","1978","010"
"BEECH AIRCRAFT CORP","95-B55","1964","006"
"CESSNA AIRCRAFT COMPANY","402C","1979","010"
"FAIRCHILD INDUSTRIES INC","SA227-DC","1992","025"
"FAIRCHILD INDUSTRIES INC","SA227-DC","1993","025"
"BEECH AIRCRAFT CORP","B200C","1990","011"
"BEECH AIRCRAFT CORP","B200C","1990","015"
"PIPER AIRCRAFT CORP","PA-30","1964","004"
"GULFSTREAM AMERICAN CORPORATION","695A","1982","011"
"PIPER AIRCRAFT CORP","PA-34-200T","1978","007"
"PIPER AIRCRAFT CORP","PA-44-180","1979","004"
"CESSNA AIRCRAFT COMPANY","337G","1974","006"
"CESSNA AIRCRAFT COMPANY","310R","1977","006"
"PIPER AIRCRAFT CORP","PA-39","1971","006"
"PIPER AIRCRAFT CORP","PA-44-180","1979","004"
"CESSNA AIRCRAFT COMPANY","T337G","1973","006"
"PIPER AIRCRAFT CORP","PA-31","1967","008"
"PIPER AIRCRAFT CORP","PA-31","1979","008"
"CESSNA AIRCRAFT COMPANY","310Q","1973","006"
"PIPER AIRCRAFT CORP","PA-31","1972","008"
"FAIRCHILD INDUSTRIES INC","SA227-DC","1995","025"
"CESSNA AIRCRAFT COMPANY","550","2001","008"
"CESSNA AIRCRAFT COMPANY","404","1980","008"
"CESSNA AIRCRAFT COMPANY","404","1980","052"
"FAIRCHILD INDUSTRIES INC","SA227-DC","1994","025"
"PIPER AIRCRAFT CORP","PA-34-200T","1979","007"
"PIPER AIRCRAFT CORP","PA-31","1976","008"
"BEECH AIRCRAFT CORP","76","1978","004"
"PIPER AIRCRAFT CORP","PA-44-180","1979","004"
"CESSNA AIRCRAFT COMPANY","310Q","1972","006"
"PIPER AIRCRAFT CORP","PA-34-200T","1980","007"
"PIPER AIRCRAFT CORP","PA-34-200","1973","007"
"FAIRCHILD INDUSTRIES INC","SA226-TC","1979","022"
"BELL HELICOPTER TEXTRON CANADA LIMITED","407","2008","004"
"PIPER AIRCRAFT CORP","PA-31-350","1975","008"
"CESSNA AIRCRAFT COMPANY","310R","1975","006"
"BEECH AIRCRAFT CORP","58","1979","006"
"PIPER AIRCRAFT CORP","PA-30","1966","004"
"PIPER AIRCRAFT CORP","PA-39","1970","006"
"BOMBARDIER INC","BD-700-1A10","2010","023"
"CESSNA AIRCRAFT COMPANY","310R","1979","006"
"BOMBARDIER INC","BD-700-1A10","2014","023"
"PIPER AIRCRAFT CORP","PA-31","1971","008"
"ISRAEL AIRCRAFT INDUSTRIES LTD","1124A","1982","012"
"CESSNA AIRCRAFT COMPANY","337G","1976","006"
"BEECH AIRCRAFT CORP","95-B55","1974","006"
"PIPER AIRCRAFT CORP","PA-31-350","1977","008"
"PIPER AIRCRAFT CORP","PA-23-250","1975","006"
"CESSNA AIRCRAFT COMPANY","402B","1976","010"
"PIPER AIRCRAFT CORP","PA-31","1968","008"
"CESSNA AIRCRAFT COMPANY","337","1965","006"
"BEECH AIRCRAFT CORP","95-B55","1980","006"
"BEECH AIRCRAFT CORP","95-B55","1968","006"
"BEECH AIRCRAFT CORP","95-55","1961","006"
"CESSNA AIRCRAFT COMPANY","414","1972","007"
"PIPER AIRCRAFT CORP","PA-31-350","1974","008"
"BEECH AIRCRAFT CORP","E95","1968","006"
"BEECH AIRCRAFT CORP","95-B55","1969","006"
"BEECH AIRCRAFT CORP","36","1969","010"
"PARTENAVIA COSTRUZIONI AERONAUTICHE SPA","P.68C","1985","007"
"BEECH AIRCRAFT CORP","C90A","1994","009"
"BEECH AIRCRAFT CORP","95-B55","1969","006"
"PIPER AIRCRAFT CORP","PA-23-160","1963","005"
"CESSNA AIRCRAFT COMPANY","650","1999","012"
"BEECH AIRCRAFT CORP","95-B55","1974","006"
"PIPER AIRCRAFT CORP","PA-34-200T","1977","007"
"PIPER AIRCRAFT CORP","PA-31-350","1981","008"
"AERO COMMANDER","500-A","1960","007"
"CESSNA AIRCRAFT COMPANY","337G","1976","006"
"BEECH AIRCRAFT CORP","58","1970","006"
"LOCKHEED AIRCRAFT CORP","SP-2H","1961","010"
"ANGEL AIRCRAFT CORP","44","2008","008"
"BELL HELICOPTER CO","407","2008","004"
"BEECH AIRCRAFT CORP","76","1979","004"
"BOMBARDIER INC","BD-700-1A10","2007","023"
"CESSNA AIRCRAFT COMPANY","340","1973","006"
"CESSNA AIRCRAFT COMPANY","340","1973","046"
"BEECH AIRCRAFT CORP","95-A55","1963","006"
"BEECH AIRCRAFT CORP","76","1979","004"
"CESSNA AIRCRAFT COMPANY","337","1965","006"
"BEECH AIRCRAFT CORP","B200","1982","011"
"BEECH AIRCRAFT CORP","B200","1982","015"
"BEECH AIRCRAFT CORP","B200","1982","011"
"PIPER AIRCRAFT CORP","PA-31","1977","008"
"BEECH AIRCRAFT CORP","200","1978","011"
"BEECH AIRCRAFT CORP","200","1978","019"
"BEECH AIRCRAFT CORP","200","1978","011"
"BEECH AIRCRAFT CORP","58","1980","006"
"CESSNA AIRCRAFT COMPANY","337G","1976","006"
"AMATEUR BUILT AIRCRAFT","RV-10","2013","004"
"PIPER AIRCRAFT CORP","PA-31-350","1980","008"
"CESSNA AIRCRAFT COMPANY","525A","2005","008"
"ENSTROM HELICOPTER CORPORATION","480","1995","004"
"CESSNA AIRCRAFT COMPANY","T303","1981","004"
"AERO COMMANDER","500-S","1977","007"
"PIPER AIRCRAFT CORP","PA-44-180","1978","004"
"BEECH AIRCRAFT CORP","65-B80","1971","009"
"PIPER AIRCRAFT CORP","PA-34-200T","1977","007"
"PIPER AIRCRAFT CORP","PA-31-350","1981","008"
"CESSNA AIRCRAFT COMPANY","310R","1979","006"
"BEECH AIRCRAFT CORP","58","1989","006"
"GATES LEARJET CORP","35A","1979","010"
"CESSNA AIRCRAFT COMPANY","310Q","1972","006"
"BEECH AIRCRAFT CORP","58","1982","006"
"PIPER AIRCRAFT CORP","PA-44-180","1979","004"
"KAVANAGH BALLOONS","B-350","2008","019"
"BOMBARDIER INC","CL-600-2B16","1990","022"
"BOMBARDIER INC","CL-600-2B16","1990","021"
"RAYTHEON AIRCRAFT COMPANY","C90A","1997","009"
"MITSUBISHI AIRCRAFT INT","MU-2B-30","1970","010"
"HAWKER BEECHCRAFT CORPORATION","C90GTi","2010","006"
"CESSNA AIRCRAFT COMPANY","441","1980","010"
"EMBRAER-EMPRESA BRASILEIRA DE AERONAUTICA","EMB-135LR","2003","037"
"BELL HELICOPTER CO","212","1988","019"
"BEECH AIRCRAFT CORP","58","1981","006"
"BELL HELICOPTER CO","212","1986","019"
"HAWKER BEECHCRAFT CORPORATION","C90GTi","2009","006"
"BEECH AIRCRAFT CORP","95-B55","1965","006"
"BELL HELICOPTER CO","212","1978","019"
"CESSNA AIRCRAFT COMPANY","441","1980","010"
"CESSNA AIRCRAFT COMPANY","S550","1985","008"
"PIPER AIRCRAFT CORP","PA-31","1974","008"
"CESSNA AIRCRAFT COMPANY","310R","1978","006"
"BEECH AIRCRAFT CORP","58","1980","006"
"CESSNA AIRCRAFT COMPANY","310R","1978","006"
"PIPER AIRCRAFT CORP","PA-30","1969","004"
"CESSNA AIRCRAFT COMPANY","T310R","1980","006"
"CESSNA AIRCRAFT COMPANY","310R","1977","006"
"CESSNA AIRCRAFT COMPANY","310R","1978","006"
"CESSNA AIRCRAFT COMPANY","337G","1973","006"
"PIPER AIRCRAFT CORP","PA-34-200T","1978","007"
"CESSNA AIRCRAFT COMPANY","337G","1977","006"
"KAVANAGH BALLOONS","B-350","2016","019"
"CESSNA AIRCRAFT COMPANY","402C","1981","010"
"CESSNA AIRCRAFT COMPANY","310R","1975","006"
"CESSNA AIRCRAFT COMPANY","404","1980","008"
"CESSNA AIRCRAFT COMPANY","404","1980","052"
"CESSNA AIRCRAFT COMPANY","310R","1978","006"
"CESSNA AIRCRAFT COMPANY","402C","1978","010"
"BEECH AIRCRAFT CORP","23","1963","008"
"AERO COMMANDER","500-S","1974","007"
"CANADAIR LTD","CL600-1A11","1981","023"
"PIPER AIRCRAFT CORP","PA-44-180T","1981","004"
"PIPER AIRCRAFT CORP","PA-44-180","1979","004"
"AIRBUS INDUSTRIE","A320-232","2004","200"
"CESSNA AIRCRAFT COMPANY","310R","1978","006"
"AIRBUS INDUSTRIE","A320-232","2004","200"
"CESSNA AIRCRAFT COMPANY","337F","1972","006"
"PIPER AIRCRAFT CORP","PA-31-350","1975","008"
"AIRBUS INDUSTRIE","A320-232","2004","200"
"PIPER AIRCRAFT CORP","PA-31","1974","008"
"CESSNA AIRCRAFT COMPANY","414A","1981","008"
"BEECH AIRCRAFT CORP","95-B55","1969","006"
"BEECH AIRCRAFT CORP","76","1984","004"
"PIPER AIRCRAFT CORP","PA-23-250","1978","006"
"CESSNA AIRCRAFT COMPANY","525","2008","008"
"CESSNA AIRCRAFT COMPANY","310R","1976","006"
"CESSNA AIRCRAFT COMPANY","310R","1979","006"
"CESSNA AIRCRAFT COMPANY","337F","1971","006"
"CESSNA AIRCRAFT COMPANY","441","1982","010"
"PIPER AIRCRAFT CORP","PA-31-350","1978","008"
"CESSNA AIRCRAFT COMPANY","441","1978","010"
"BEECH AIRCRAFT CORP","76","1978","004"
"CESSNA AIRCRAFT COMPANY","441","1985","010"
"CESSNA AIRCRAFT COMPANY","441","1982","010"
"CESSNA AIRCRAFT COMPANY","310R","1976","006"
"CESSNA AIRCRAFT COMPANY","441","1978","010"
"PIPER AIRCRAFT CORP","PA-31","1974","008"
"BEECH AIRCRAFT CORP","58","1981","006"
"BEECH AIRCRAFT CORP","76","1981","004"
"PIPER AIRCRAFT CORP","PA-23-250","1978","006"
"BEECH AIRCRAFT CORP","58","1976","006"
"CESSNA AIRCRAFT COMPANY","414A","1978","008"
"EMBRAER-EMPRESA BRASILEIRA DE AERONAUTICA","EMB-135LR","2003","037"
"CESSNA AIRCRAFT COMPANY","310R","1975","006"
"PIPER AIRCRAFT CORP","PA-30","1964","004"
"AERO COMMANDER","500-S","1975","007"
"NORTH AMERICAN AVIATION INC","T-28B","1955","002"
"AERO COMMANDER","500-S","1978","007"
"VULCANAIR S.P.A.","P.68C","2008","007"
"CESSNA AIRCRAFT COMPANY","402B","1974","010"
"BEECH AIRCRAFT CORP","58","1977","006"
"S.A.A.B. AIRCRAFT CO","340A","1984","006"
"S.A.A.B. AIRCRAFT CO","340A","1984","037"
"S.A.A.B. AIRCRAFT CO","340B","1992","037"
"S.A.A.B. AIRCRAFT CO","340B","1992","039"
"S.A.A.B. AIRCRAFT CO","340B","1992","037"
"S.A.A.B. AIRCRAFT CO","340B","1992","039"
"BEECH AIRCRAFT CORP","95-B55","1975","006"
"BEECH AIRCRAFT CORP","95-B55","1977","006"
"BEECH AIRCRAFT CORP","58","1977","006"
"CESSNA AIRCRAFT COMPANY","402C","1980","010"
"BEECH AIRCRAFT CORP","B200","1984","011"
"BEECH AIRCRAFT CORP","B200","1984","015"
"BEECH AIRCRAFT CORP","B200","1984","011"
"PIPER AIRCRAFT CORP","PA-31-350","1979","008"
"RAYTHEON AIRCRAFT COMPANY","B200","1998","011"
"RAYTHEON AIRCRAFT COMPANY","B200","1998","015"
"RAYTHEON AIRCRAFT COMPANY","B200","1998","011"
"BEECH AIRCRAFT CORP","58","1978","006"
"CESSNA AIRCRAFT COMPANY","337B","1967","006"
"BEECH AIRCRAFT CORP","58","1982","006"
"PIPER AIRCRAFT CORP","PA-44-180","1979","004"
"PIPER AIRCRAFT CORP","PA-31","1974","008"
"PIPER AIRCRAFT CORP","PA-31-350","1974","008"
"PIPER AIRCRAFT CORP","PA-31","1969","008"
"RAYTHEON AIRCRAFT COMPANY","B200","2004","011"
"RAYTHEON AIRCRAFT COMPANY","B200","2004","015"
"RAYTHEON AIRCRAFT COMPANY","B200","2004","011"
"PIPER AIRCRAFT CORP","PA-31-350","1977","008"
"BEECH AIRCRAFT CORP","58","1981","006"
"EMBRAER-EMPRESA BRASILEIRA DE AERONAUTICA","EMB-110P1","1979","020"
"FAIRCHILD INDUSTRIES INC","SA226-TC","1980","022"
"PIPER AIRCRAFT CORP","PA-44-180","1980","004"
"BELL HELICOPTER CO","212","1981","019"
"PIPER AIRCRAFT CORP","PA-31-350","1973","008"
"BELL HELICOPTER CO","212","1975","019"
"PIPER AIRCRAFT CORP","PA-31-350","1978","008"
"BELL HELICOPTER CO","212","1975","019"
"PIPER AIRCRAFT CORP","PA-31-350","1974","008"
"PIPER AIRCRAFT CORP","PA-31-350","1979","008"
"PIPER AIRCRAFT CORP","PA-44-180","1978","004"
"BEECH AIRCRAFT CORP","58","1983","006"
"PIPER AIRCRAFT CORP","PA-34-200T","1974","007"
"PIPER AIRCRAFT CORP","PA-31","1981","008"
"PIPER AIRCRAFT CORP","PA-34-200T","1977","007"
"PIPER AIRCRAFT CORP","PA-39","1970","006"
"PIPER AIRCRAFT CORP","PA-31","1971","008"
"BEECH AIRCRAFT CORP","95-B55","1975","006"
"PIPER AIRCRAFT CORP","PA-34-200T","1979","007"
"SHORT BROS PTY LTD","SD3-30","1981","030"
"VULCANAIR S.P.A.","P.68C","2017","007"
"ISRAEL AIRCRAFT INDUSTRIES LTD","1124A","1981","012"
"ISRAEL AIRCRAFT INDUSTRIES LTD","1124","1981","010"
"PIPER AIRCRAFT CORP","PA-23-250","1978","006"
"CESSNA AIRCRAFT COMPANY","310N","1968","006"
"CESSNA AIRCRAFT COMPANY","402B","1974","010"
"BEECH AIRCRAFT CORP","C90A","1993","009"
"BEECHCRAFT CORPORATION","B300","2015","019"
"TEXTRON AVIATION INC.","B300","2015","019"
"BEECHCRAFT CORPORATION","C90GTi","2015","006"
"S.A.A.B. AIRCRAFT CO","340B","1991","037"
"S.A.A.B. AIRCRAFT CO","340B","1991","039"
"BEECH AIRCRAFT CORP","76","1981","004"
"BEECH AIRCRAFT CORP","76","1980","004"
"PIPER AIRCRAFT CORP","PA-34-200T","1978","007"
"PIPER AIRCRAFT CORP","PA-31","1978","008"
"PIPER AIRCRAFT CORP","PA-31","1979","008"
"PIPER AIRCRAFT CORP","PA-31","1982","008"
"PIPER AIRCRAFT CORP","PA-30","1964","004"
"BEECH AIRCRAFT CORP","35","1947","010"
"CESSNA AIRCRAFT COMPANY","337G","1973","006"
"PIPER AIRCRAFT CORP","PA-34-220T","1981","007"
"PIPER AIRCRAFT CORP","PA-23-250","1976","006"
"CESSNA AIRCRAFT COMPANY","T310R","1978","006"
"BEECH AIRCRAFT CORP","95-C55","1966","006"
"CESSNA AIRCRAFT COMPANY","525","1995","008"
"CESSNA AIRCRAFT COMPANY","510","2011","007"
"PIPER AIRCRAFT CORP","PA-30","1964","004"
"PIPER AIRCRAFT, INC.","PA-44-180","2011","004"
"PIPER AIRCRAFT CORP","PA-44-180","2009","004"
"PIPER AIRCRAFT, INC.","PA-44-180","2015","004"
"PIPER AIRCRAFT, INC.","PA-44-180","2017","004"
"REIMS AVIATION S.A.","F406","1986","014"
"BEECH AIRCRAFT CORP","B200T","1982","015"
"BEECH AIRCRAFT CORP","B200T","1982","011"
"CESSNA AIRCRAFT COMPANY","404","1978","008"
"CESSNA AIRCRAFT COMPANY","404","1978","052"
"CESSNA AIRCRAFT COMPANY","402C","1978","010"
"CESSNA AIRCRAFT COMPANY","404","1980","008"
"CESSNA AIRCRAFT COMPANY","404","1980","052"
"BEECH AIRCRAFT CORP","58","1975","006"
"CESSNA AIRCRAFT COMPANY","404","1978","008"
"CESSNA AIRCRAFT COMPANY","404","1978","052"
"BOMBARDIER INC","BD-700-1A10","2008","023"
"CESSNA AIRCRAFT COMPANY","441","1978","010"
"CESSNA AIRCRAFT COMPANY","402C","1980","010"
"CESSNA AIRCRAFT COMPANY","441","1981","010"
"CESSNA AIRCRAFT COMPANY","441","1983","010"
"CESSNA AIRCRAFT COMPANY","441","1978","010"
"PARTENAVIA COSTRUZIONI AERONAUTICHE SPA","P.68C","1984","007"
"PIPER AIRCRAFT CORP","PA-31-350","1973","008"
"PIPER AIRCRAFT CORP","PA-34-200","1973","007"
"DE HAVILLAND INC.","DHC-8-202","1997","040"
"CESSNA AIRCRAFT COMPANY","310R","1978","006"
"FAIRCHILD INDUSTRIES INC","SA226-T","1980","008"
"CESSNA AIRCRAFT COMPANY","310R","1977","006"
"CESSNA AIRCRAFT COMPANY","441","1979","010"
"BOMBARDIER INC","BD-700-1A10","2014","023"
"AERO COMMANDER","500-S","1975","007"
"BEECH AIRCRAFT CORP","58","1976","006"
"GATES LEARJET CORP","35A","1981","010"
"BEECH AIRCRAFT CORP","76","1982","004"
"CESSNA AIRCRAFT COMPANY","310R","1980","006"
"CESSNA AIRCRAFT COMPANY","310R","1977","006"
"PIPER AIRCRAFT CORP","PA-31-350","1984","008"
"PIPER AIRCRAFT CORP","PA-31-350","1973","008"
"PIPER AIRCRAFT CORP","PA-31-350","1976","008"
"PIPER AIRCRAFT CORP","PA-31-350","1978","008"
"LEARJET CORPORATION","35A","1988","010"
"CESSNA AIRCRAFT COMPANY","310R","1976","006"
"GATES LEARJET CORP","35A","1977","010"
"PIPER AIRCRAFT CORP","PA-31","1977","008"
"GATES LEARJET CORP","35A","1980","010"
"LEARJET INC","45","2005","012"
"GATES LEARJET CORP","35A","1980","010"
"LEARJET INC","45","1999","012"
"PIPER AIRCRAFT CORP","PA-34-200","1973","007"
"CESSNA AIRCRAFT COMPANY","402C","1981","010"
"BEECH AIRCRAFT CORP","200","1980","011"
"BEECH AIRCRAFT CORP","200","1980","019"
"BEECH AIRCRAFT CORP","200","1980","011"
"BEECH AIRCRAFT CORP","200","1980","019"
"BEECH AIRCRAFT CORP","200","1980","011"
"CESSNA AIRCRAFT COMPANY","340A","1977","006"
"CESSNA AIRCRAFT COMPANY","340A","1977","037"
"BEECH AIRCRAFT CORP","B200","1982","011"
"BEECH AIRCRAFT CORP","B200","1982","015"
"BEECH AIRCRAFT CORP","B200","1982","011"
"BEECH AIRCRAFT CORP","B200","1980","011"
"BEECH AIRCRAFT CORP","B200","1980","015"
"BEECH AIRCRAFT CORP","B200","1980","011"
"PIPER AIRCRAFT CORP","PA-39","1971","006"
"PIPER AIRCRAFT CORP","PA-30","1968","004"
"BELL HELICOPTER CO","212","1979","019"
"PIPER AIRCRAFT CORP","PA-34-220T","1997","007"
"CESSNA AIRCRAFT COMPANY","T303","1981","004"
"CESSNA AIRCRAFT COMPANY","T303","1982","004"
"PIPER AIRCRAFT CORP","PA-34-200T","1976","007"
"BEECH AIRCRAFT CORP","B200","1981","011"
"BEECH AIRCRAFT CORP","B200","1981","015"
"BEECH AIRCRAFT CORP","B200","1981","011"
"CESSNA AIRCRAFT COMPANY","402C","1980","010"
"BEECH AIRCRAFT CORP","B200","1993","011"
"BEECH AIRCRAFT CORP","B200","1993","015"
"BEECH AIRCRAFT CORP","B200","1993","011"
"PITTS AVIATION ENTERPRISES","S-2B","1989","002"
"BEECH AIRCRAFT CORP","58","1976","006"
"LEARJET CORPORATION","35A","1989","010"
"GATES LEARJET CORP","35A","1984","010"
"BOMBARDIER INC","DHC-8-402","2010","070"
"BOMBARDIER INC","DHC-8-402","2010","081"
"BOMBARDIER INC","DHC-8-402","2011","070"
"BOMBARDIER INC","DHC-8-402","2011","081"
"BOMBARDIER INC","DHC-8-402","2011","070"
"BOMBARDIER INC","DHC-8-402","2011","081"
"BOMBARDIER INC","DHC-8-402","2011","070"
"BOMBARDIER INC","DHC-8-402","2011","081"
"BOMBARDIER INC","DHC-8-402","2013","070"
"BOMBARDIER INC","DHC-8-402","2013","081"
"BOMBARDIER INC","DHC-8-402","2012","070"
"BOMBARDIER INC","DHC-8-402","2012","081"
"BOMBARDIER INC","DHC-8-402","2012","070"
"BOMBARDIER INC","DHC-8-402","2012","081"
"BOMBARDIER INC","DHC-8-402","2013","070"
"BOMBARDIER INC","DHC-8-402","2013","081"
"BOMBARDIER INC","DHC-8-402","2013","070"
"BOMBARDIER INC","DHC-8-402","2013","081"
"BOMBARDIER INC","DHC-8-402","2014","070"
"BOMBARDIER INC","DHC-8-402","2014","081"
"BEECH AIRCRAFT CORP","B200","1982","011"
"BEECH AIRCRAFT CORP","B200","1982","015"
"BEECH AIRCRAFT CORP","B200","1982","011"
"AERO COMMANDER","500-U","1967","007"
"PIPER AIRCRAFT CORP","PA-34-200T","1978","007"
"LOCKHEED AIRCRAFT CORP","SP-2H","1960","010"
"GATES LEARJET CORP","35A","1978","010"
"PIPER AIRCRAFT CORP","PA-30","1965","004"
"BEECH AIRCRAFT CORP","58","1977","006"
"BEECH AIRCRAFT CORP","23","1963","008"
"CESSNA AIRCRAFT COMPANY","337H","1978","006"
"AERO COMMANDER","500-S","1979","007"
"HAWKER BEECHCRAFT CORPORATION","B200C","2012","011"
"HAWKER BEECHCRAFT CORPORATION","B200C","2012","015"
"PIPER AIRCRAFT CORP","PA-31-350","1974","008"
"PIPER AIRCRAFT CORP","PA-31-350","1981","008"
"KAVANAGH BALLOONS","B-350","2017","019"
"PITTS AVIATION ENTERPRISES","S-2B","1984","002"
"CESSNA AIRCRAFT COMPANY","T337G","1972","006"
"BOMBARDIER INC","CL-600-2B16","2009","022"
"BOMBARDIER INC","CL-600-2B16","2009","021"
"RAYTHEON AIRCRAFT COMPANY","B200","1998","011"
"RAYTHEON AIRCRAFT COMPANY","B200","1998","015"
"RAYTHEON AIRCRAFT COMPANY","B200","1998","011"
"PIPER AIRCRAFT CORP","PA-31","1981","008"
"CESSNA AIRCRAFT COMPANY","441","1982","010"
"EMBRAER-EMPRESA BRASILEIRA DE AERONAUTICA","EMB-500","2013","006"
"BEECH AIRCRAFT CORP","76","1981","004"
"PIPER AIRCRAFT CORP","PA-44-180","1979","004"
"PIPER AIRCRAFT CORP","PA-34-200T","1975","007"
"CESSNA AIRCRAFT COMPANY","650","1998","012"
"BEECH AIRCRAFT CORP","95-B55","1981","006"
"BOMBARDIER INC","BD-700-1A10","1998","023"
"PIPER AIRCRAFT CORP","PA-39","1971","006"
"PIPER AIRCRAFT CORP","PA-30","1969","004"
"PIPER AIRCRAFT CORP","PA-34-200","1974","007"
"AERO COMMANDER","500-S","1976","007"
"GRUMMAN AMERICAN AVIATION CORP","G-21A","1944","008"
"GULFSTREAM AEROSPACE CORP","GIV-X","2010","022"
"PIPER AIRCRAFT CORP","PA-23-250","1961","006"
"PIPER AIRCRAFT CORP","PA-30","1966","004"
"BEECH AIRCRAFT CORP","58","1986","006"
"PIPER AIRCRAFT CORP","PA-34-200","1973","007"
"RAYTHEON AIRCRAFT COMPANY","58","1998","006"
"PIPER AIRCRAFT CORP","PA-31-350","1979","008"
"BEECH AIRCRAFT CORP","58","1977","006"
"AERO COMMANDER","500-S","1973","007"
"BEECH AIRCRAFT CORP","D50C","1961","006"
"PIPER AIRCRAFT CORP","PA-30","1965","004"
"AERO COMMANDER","500-S","1975","007"
"BEECH AIRCRAFT CORP","400A","1995","010"
"CESSNA AIRCRAFT COMPANY","510","2011","007"
"TEXTRON AVIATION INC.","B200GT","2017","009"
"RAYTHEON AIRCRAFT COMPANY","B200","2001","011"
"RAYTHEON AIRCRAFT COMPANY","B200","2001","015"
"RAYTHEON AIRCRAFT COMPANY","B200","2001","011"
"PIPER AIRCRAFT CORP","PA-44-180","1978","004"
"MCDONNELL DOUGLAS CORP.","DC3C-S1C3G","1942","032"
"PIPER AIRCRAFT CORP","PA-31-350","1982","008"
"CESSNA AIRCRAFT COMPANY","337H","1978","006"
"PIPER AIRCRAFT CORP","PA-31-350","1974","008"
"PITTS AVIATION ENTERPRISES","S-2A","1978","002"
"BEECH AIRCRAFT CORP","76","1979","004"
"PIPER AIRCRAFT CORP","PA-31-350","1976","008"
"BEECHCRAFT CORPORATION","G58","2015","006"
"FAIRCHILD INDUSTRIES INC","SA226-TC","1978","022"
"BEECH AIRCRAFT CORP","58","1992","006"
"BEECH AIRCRAFT CORP","95-B55","1965","006"
"MCDONNELL DOUGLAS CORP.","DC3C-S1C3G","1942","032"
"CESSNA AIRCRAFT COMPANY","560","1996","007"
"CESSNA AIRCRAFT COMPANY","560","1996","011"
"BEECH AIRCRAFT CORP","58","1980","006"
"BEECH AIRCRAFT CORP","76","1979","004"
"PIPER AIRCRAFT CORP","PA-34-200","1973","007"
"PIPER AIRCRAFT CORP","PA-31","1978","008"
"CESSNA AIRCRAFT COMPANY","525A","2001","008"
"PIPER AIRCRAFT CORP","PA-44-180","1981","004"
"PIPER AIRCRAFT CORP","PA-44-180T","1981","004"
"CESSNA AIRCRAFT COMPANY","340A","1979","006"
"CESSNA AIRCRAFT COMPANY","340A","1979","037"
"PIPER AIRCRAFT CORP","PA-44-180","1979","004"
"ROCKWELL INTERNATIONAL","100","1967","011"
"BEECH AIRCRAFT CORP","58","1975","006"
"RAYTHEON AIRCRAFT COMPANY","HAWKER 850XP","2006","015"
"RAYTHEON AIRCRAFT COMPANY","B200","2006","011"
"RAYTHEON AIRCRAFT COMPANY","B200","2006","015"
"RAYTHEON AIRCRAFT COMPANY","B200","2006","011"
"BEECH AIRCRAFT CORP","65-B80","1972","009"
"CESSNA AIRCRAFT COMPANY","T303","1982","004"
"HAWKER BEECHCRAFT CORPORATION","B200GT","2013","009"
"PIPER AIRCRAFT CORP","PA-34-200T","1976","007"
"PIPER AIRCRAFT CORP","PA-34-220T","1981","007"
"RAYTHEON AIRCRAFT COMPANY","B200","2001","011"
"RAYTHEON AIRCRAFT COMPANY","B200","2001","015"
"RAYTHEON AIRCRAFT COMPANY","B200","2001","011"
"BEECH AIRCRAFT CORP","B200","1993","011"
"BEECH AIRCRAFT CORP","B200","1993","015"
"BEECH AIRCRAFT CORP","B200","1993","011"
"BEECH AIRCRAFT CORP","58","1979","006"
"CESSNA AIRCRAFT COMPANY","510","2010","007"
"BEECHCRAFT CORPORATION","B200C","2014","011"
"BEECHCRAFT CORPORATION","B200C","2014","015"
"PIPER AIRCRAFT CORP","PA-31-350","1975","008"
"BEECH AIRCRAFT CORP","76","1979","004"
"RAYTHEON AIRCRAFT COMPANY","B200","2003","011"
"RAYTHEON AIRCRAFT COMPANY","B200","2003","015"
"RAYTHEON AIRCRAFT COMPANY","B200","2003","011"
"BEECH AIRCRAFT CORP","B200","1989","011"
"BEECH AIRCRAFT CORP","B200","1989","015"
"BEECH AIRCRAFT CORP","B200","1989","011"
"RAYTHEON AIRCRAFT COMPANY","B200","2003","011"
"RAYTHEON AIRCRAFT COMPANY","B200","2003","015"
"RAYTHEON AIRCRAFT COMPANY","B200","2003","011"
"RAYTHEON AIRCRAFT COMPANY","B200","2003","015"
"RAYTHEON AIRCRAFT COMPANY","B200","2003","011"
"HAWKER BEECHCRAFT CORPORATION","B200","2007","011"
"HAWKER BEECHCRAFT CORPORATION","B200","2007","015"
"HAWKER BEECHCRAFT CORPORATION","B200","2007","011"
"HAWKER BEECHCRAFT CORPORATION","B200C","2008","011"
"HAWKER BEECHCRAFT CORPORATION","B200C","2008","015"
"BEECH AIRCRAFT CORP","B200","1989","011"
"BEECH AIRCRAFT CORP","B200","1989","015"
"BEECH AIRCRAFT CORP","B200","1989","011"
"PIPER AIRCRAFT CORP","PA-31","1982","008"
"BEECH AIRCRAFT CORP","C90","1975","009"
"HAWKER BEECHCRAFT CORPORATION","B200","2008","011"
"HAWKER BEECHCRAFT CORPORATION","B200","2008","015"
"HAWKER BEECHCRAFT CORPORATION","B200","2008","011"
"BEECH AIRCRAFT CORP","70","1969","011"
"CESSNA AIRCRAFT COMPANY","411A","1967","008"
"BEECH AIRCRAFT CORP","B200C","2008","011"
"BEECH AIRCRAFT CORP","B200C","2008","015"
"PIPER AIRCRAFT CORP","PA-31-350","1982","008"
"RAYTHEON AIRCRAFT COMPANY","B200","2003","011"
"RAYTHEON AIRCRAFT COMPANY","B200","2003","015"
"RAYTHEON AIRCRAFT COMPANY","B200","2003","011"
"BEECH AIRCRAFT CORP","58","1977","006"
"BEECH AIRCRAFT CORP","B200","1992","011"
"BEECH AIRCRAFT CORP","B200","1992","015"
"BEECH AIRCRAFT CORP","B200","1992","011"
"BEECH AIRCRAFT CORP","B200","1992","015"
"BEECH AIRCRAFT CORP","B200","1992","011"
"CESSNA AIRCRAFT COMPANY","560","2010","007"
"CESSNA AIRCRAFT COMPANY","560","2010","011"
"PIPER AIRCRAFT CORP","PA-30","1969","004"
"BOMBARDIER INC","CL-600-2A12","1983","022"
"CESSNA AIRCRAFT COMPANY","310R","1979","006"
"BEECH AIRCRAFT CORP","D55","1969","006"
"CESSNA AIRCRAFT COMPANY","525","2007","008"
"PIPER AIRCRAFT CORP","PA-31","1973","008"
"FAIRCHILD INDUSTRIES INC","SA227-DC","1994","025"
"BEECH AIRCRAFT CORP","95-B55","1974","006"
"PIPER AIRCRAFT CORP","PA-31-350","1979","008"
"PIPER AIRCRAFT CORP","PA-31-350","1975","008"
"GRUMMAN AMERICAN AVIATION CORP","GA-7","1978","004"
"GRUMMAN AMERICAN AVIATION CORP","GA-7","1979","004"
"PIPER AIRCRAFT CORP","PA-31-350","1982","008"
"PIPER AIRCRAFT CORP","PA-31-350","1981","008"
"PIPER AIRCRAFT CORP","PA-31","1981","008"
"PARTENAVIA COSTRUZIONI AERONAUTICHE SPA","P.68C","1983","007"
"HAWKER BEECHCRAFT CORPORATION","B300C","2011","019"
"HAWKER BEECHCRAFT CORPORATION","B300C","2011","018"
"HAWKER BEECHCRAFT CORPORATION","B300C","2011","010"
"HAWKER BEECHCRAFT CORPORATION","B300C","2011","019"
"HAWKER BEECHCRAFT CORPORATION","B300C","2011","018"
"HAWKER BEECHCRAFT CORPORATION","B300C","2011","010"
"CESSNA AIRCRAFT COMPANY","T303","1982","004"
"PARTENAVIA COSTRUZIONI AERONAUTICHE SPA","P.68C","1983","007"
"NORTH AMERICAN AVIATION INC","T-28B","1962","002"
"CESSNA AIRCRAFT COMPANY","441","1979","010"
"PIPER AIRCRAFT CORP","PA-44-180","1981","004"
"CESSNA AIRCRAFT COMPANY","310R","1978","006"
"CESSNA AIRCRAFT COMPANY","340A","1979","006"
"CESSNA AIRCRAFT COMPANY","340A","1979","037"
"BELL HELICOPTER CO","212","1982","019"
"AERO COMMANDER","681","1971","011"
"PIPER AIRCRAFT CORP","PA-44-180","1981","004"
"PIPER AIRCRAFT CORP","PA-23-250","1976","006"
"BEECH AIRCRAFT CORP","76","1978","004"
"RAYTHEON AIRCRAFT COMPANY","B300","2003","019"
"AMATEUR BUILT AIRCRAFT","RV-10","2008","004"
"PIPER AIRCRAFT CORP","PA-30","1966","004"
"PIPER AIRCRAFT CORP","PA-30","1969","004"
"BELL HELICOPTER CO","212","1977","019"
"CESSNA AIRCRAFT COMPANY","510","2007","007"
"CESSNA AIRCRAFT COMPANY","310Q","1974","006"
"DIAMOND AIRCRAFT INDUSTRIES","DA 42 NG","2011","004"
"BEECH AIRCRAFT CORP","B200","1982","011"
"BEECH AIRCRAFT CORP","B200","1982","015"
"BEECH AIRCRAFT CORP","B200","1982","011"
"CESSNA AIRCRAFT COMPANY","402C","1982","010"
"FAIRCHILD INDUSTRIES INC","SA226-TC","1979","022"
"EMBRAER-EMPRESA BRASILEIRA DE AERONAUTICA","ERJ 190-100 LR","2010","110"
"EMBRAER - EMPRESA BRASILEIRA DE AERONAUTICA S.A.","EMB-505","2012","008"
"EMBRAER - EMPRESA BRASILEIRA DE AERONAUTICA S.A.","EMB-505","2012","009"
"AERO COMMANDER","685","1974","009"
"BRITISH AEROSPACE REGIONAL AIRCRAFT LIMITED","AVRO 146-RJ85","1996","070"
"BRITISH AEROSPACE PLC","AVRO 146-RJ85","1998","070"
"BEECH AIRCRAFT CORP","76","1981","004"
"PIPER AIRCRAFT CORP","PA-23-250","1969","006"
"PIPER AIRCRAFT CORP","PA-44-180","1978","004"
"PIPER AIRCRAFT CORP","PA-31","1978","008"
"PIPER AIRCRAFT CORP","PA-42","1982","011"
"BEECH AIRCRAFT CORP","95-C55","1967","006"
"BEECH AIRCRAFT CORP","B200","2000","011"
"BEECH AIRCRAFT CORP","B200","2000","015"
"BEECH AIRCRAFT CORP","B200","2000","011"
"PIPER AIRCRAFT CORP","PA-31-350","1981","008"
"GRUMMAN AMERICAN AVIATION CORP","G-111","1961","027"
"PIPER AIRCRAFT CORP","PA-31-350","1978","008"
"CESSNA AIRCRAFT COMPANY","402C","1981","010"
"BEECHCRAFT CORPORATION","B200GT","2013","009"
"CESSNA AIRCRAFT COMPANY","525B","2007","008"
"BELL HELICOPTER CO","212","1977","019"
"CESSNA AIRCRAFT COMPANY","501","1981","008"
"PIPER AIRCRAFT CORP","PA-31-350","1984","008"
"PIPER AIRCRAFT CORP","PA-31-350","1974","008"
"PIPER AIRCRAFT CORP","PA-34-200T","1979","007"
"LEARJET INC","60","1999","006"
"LEARJET INC","60","1999","011"
"AVIAT INC.","S-2B","1992","002"
"BEECH AIRCRAFT CORP","58","1996","006"
"PILATUS AIRCRAFT LTD","PC-12/45","2001","012"
"RAYTHEON AIRCRAFT COMPANY","B200","1999","011"
"RAYTHEON AIRCRAFT COMPANY","B200","1999","015"
"RAYTHEON AIRCRAFT COMPANY","B200","1999","011"
"PILATUS AIRCRAFT LTD","PC-12/45","2001","012"
"BEECH AIRCRAFT CORP","200","1977","011"
"BEECH AIRCRAFT CORP","200","1977","019"
"BEECH AIRCRAFT CORP","200","1977","011"
"CESSNA AIRCRAFT COMPANY","337G","1977","006"
"S.A.A.B. AIRCRAFT CO","340B","1991","037"
"S.A.A.B. AIRCRAFT CO","340B","1991","039"
"CESSNA AIRCRAFT COMPANY","441","1979","010"
"RAYTHEON AIRCRAFT COMPANY","B300","2004","019"
"BEECH AIRCRAFT CORP","58","1970","006"
"RAYTHEON AIRCRAFT COMPANY","58","1996","006"
"RAYTHEON AIRCRAFT COMPANY","B200","1997","011"
"RAYTHEON AIRCRAFT COMPANY","B200","1997","015"
"RAYTHEON AIRCRAFT COMPANY","B200","1997","011"
"BEECH AIRCRAFT CORP","58","1989","006"
"CESSNA AIRCRAFT COMPANY","421C","1981","008"
"BELL HELICOPTER CO","212","1977","019"
"BEECH AIRCRAFT CORP","200","1979","011"
"BEECH AIRCRAFT CORP","200","1979","019"
"BEECH AIRCRAFT CORP","200","1979","011"
"BEECH AIRCRAFT CORP","200C","1980","011"
"BEECH AIRCRAFT CORP","200C","1981","011"
"BEECHCRAFT CORPORATION","C90GTi","2014","006"
"MCDONNELL DOUGLAS CORP.","C-47B","1944","032"
"BELL HELICOPTER TEXTRON","212","1978","019"
"PIPER AIRCRAFT CORP","PA-31-350","1981","008"
"CESSNA AIRCRAFT COMPANY","310R","1978","006"
"THE BOEING COMPANY","717-200","2000","100"
"THE BOEING COMPANY","717-200","1999","100"
"THE BOEING COMPANY","717-200","2003","100"
"THE BOEING COMPANY","717-200","2000","100"
"THE BOEING COMPANY","717-200","2001","100"
"THE BOEING COMPANY","717-200","2003","100"
"CESSNA AIRCRAFT COMPANY","310R","1976","006"
"BEECH AIRCRAFT CORPORATION","1900D","1992","019"
"DASSAULT AVIATION","MYSTERE FALCON 900","2001","012"
"CESSNA AIRCRAFT COMPANY","402C","1978","010"
"PIPER AIRCRAFT CORP","PA-31","1971","008"
"VULCANAIR S.P.A.","P.68C","2010","007"
"AERO COMMANDER","560-E","1959","007"
"CESSNA AIRCRAFT COMPANY","441","1982","010"
"RAYTHEON AIRCRAFT COMPANY","58","2001","006"
"PIPER AIRCRAFT CORP","PA-31-350","1983","008"
"BOMBARDIER INC","BD-700-1A10","2009","023"
"BEECH AIRCRAFT CORP","76","1979","004"
"PIPER AIRCRAFT CORP","PA-31-350","1983","008"
"BEECH AIRCRAFT CORP","200","1980","011"
"BEECH AIRCRAFT CORP","200","1980","019"
"BEECH AIRCRAFT CORP","200","1980","011"
"PIPER AIRCRAFT CORP","PA-31-350","1981","008"
"THE BOEING COMPANY","747-48E","1993","660"
"THE BOEING COMPANY","747-438","2002","550"
"THE BOEING COMPANY","747-438","2003","550"
"BEECH AIRCRAFT CORP","95-B55","1979","006"
"RAYTHEON AIRCRAFT COMPANY","HAWKER 800XP","2003","015"
"FAIRCHILD INDUSTRIES INC","SA226-TC","1981","022"
"CESSNA AIRCRAFT COMPANY","560","1995","007"
"CESSNA AIRCRAFT COMPANY","560","1995","011"
"PIPER AIRCRAFT CORP","PA-31-350","1978","008"
"CESSNA AIRCRAFT COMPANY","M337B","1967","006"
"CESSNA AIRCRAFT COMPANY","337E","1969","006"
"TECNAM - C. AERONAUTICHE SRL","P2006T","2010","004"
"KAVANAGH BALLOONS","B-350","2017","019"
"THE BOEING COMPANY","747-438","1999","550"
"BEECH AIRCRAFT CORP","58","1975","006"
"BEECH AIRCRAFT CORP","58","1977","006"
"BEECH AIRCRAFT CORP","58","1972","006"
"CESSNA AIRCRAFT COMPANY","411","1967","008"
"S.A.A.B. AIRCRAFT CO","340B","1990","037"
"S.A.A.B. AIRCRAFT CO","340B","1990","039"
"S.A.A.B. AIRCRAFT CO","340B","1990","037"
"S.A.A.B. AIRCRAFT CO","340B","1990","039"
"VULCANAIR S.P.A.","P.68C","2008","007"
"PIPER AIRCRAFT CORP","PA-31-350","1981","008"
"PIPER AIRCRAFT CORP","PA-31-350","1982","008"
"AMATEUR BUILT AIRCRAFT","AIRCAM","2000","002"
"AMATEUR BUILT AIRCRAFT","AIRCAM","2000","005"
"AMATEUR BUILT AIRCRAFT","AIRCAM","2000","002"
"PIPER AIRCRAFT CORP","PA-31-350","1978","008"
"THE BOEING COMPANY","737-3U3","1997","149"
"CESSNA AIRCRAFT COMPANY","310R","1979","006"
"AMATEUR BUILT AIRCRAFT","DEFIANT","1988","004"
"PIPER AIRCRAFT CORP","PA-31-350","1979","008"
"CESSNA AIRCRAFT COMPANY","441","1979","010"
