"name","latitude_deg","longitude_deg","municipality"
"Deputatskiy Airport","69.392503","139.890012","Deputatskiy"
"Levashovo Air Base","60.086700439453125","30.193300247192383","St. Petersburg"
"Afrikanda Air Base","67.456703186","32.7867012024","Afrikanda"
"Aleysk Air Base","52.483299255371094","82.69999694824219","Aleysk"
"Andreapol Air Base","56.643299","32.313301","Andreapol"
"Arabatuk Air Base","50.223801","117.098999","Daurija"
"Ashchebutak Air Base","51.034999847412","59.168300628662","Novoorsk"
"Bada Air Base","51.406917","109.900091","Bada"
"Bakhmutovo Air Base","56.371700286865234","34.08829879760742","Rzhev"
"Balashov Air Base","51.53329849243164","43.29999923706055","Balashov"
"Baltiysk Air Base","54.61000061035156","19.86829948425293","Baltiysk"
"Khariusny Airfield","67.3797730111","34.213142395","Umbozero"
"Bezrechnaya-2 Air Base","50.75","116.21700286865234","Mirnaya"
"Borisoglebsk Air Base","51.366699","42.178299","Borisoglebsk"
"Khotilovo Air Base","57.654998779296875","34.099998474121094","Bologoye"
"Lipetsk Air Base","52.6349983215332","39.44499969482422","Lipetsk"
"Pugachev Airport","51.977054595947266","48.72041702270508","Pugachev"
"Buturlinovka Air Base","50.79220962524414","40.60615539550781","Buturlinovka"
"Chebenki Air Base","51.97489929199219","55.54899978637695","Orenburg"
"Chekurovka Air Base","71.06500244140625","127.33799743652344","Tiksi"
"Korsakov Heliport","46.617698669433594","142.81399536132812","Korsakov-Sakhalin Island"
"Chornoye Air Base","55.75","38.06669998168945","Moscow"
"Chindant Air Base","50.39670181274414","116.34700012207031","Borzya"
"Krasnaya Polyana Heliport","43.6765319836","40.206634998300004","Krasnaya Polyana"
"Nogliki Airport","51.7801017761","143.139007568","Nogliki-Sakhalin Island"
"Novaya Airport","46.709800720214844","142.8699951171875","Novaya-Sakhalin Island"
"Rybnovsk Airport","53.247100830078125","141.80599975585938","Rybnovsk-Sakhalin Island"
"Kaliningrad Chkalovsk Naval Air Base","54.7666015625","20.39699935913086","Kaliningrad"
"Khodynka Airport","55.78860092163086","37.52989959716797","Moscow"
"Shimanovsk Airport","51.985001","127.643331","Shimanovsk"
"Plestsy Airport","62.716702","40.4883","Plesetsk"
"Verkhnyaya Toyma Airport","62.23833465576172","45.02000045776367","Verkhnyaya Toyma"
"Grozny North Airport","43.388302","45.698601","Grozny"
"Irkutsk Northwest Airport","52.36830139160156","104.18299865722656","Irkutsk"
"Kaliningrad Devau Airport","54.725128173828125","20.573894500732422","Kaliningrad"
"Palana (East) Airport","59.05833435058594","159.96665954589844","Palana"
"Kachalovka Airfield","67.98699951171875","39.834999084472656","Kachalovka"
"Syktyvkar Southwest","61.586666107177734","50.52000045776367","Syktyvkar"
"Taly Ruchey Air Base","66.889999","33.883301","Umba"
"Pravdinsk Airport","56.52170181274414","43.47999954223633","Balakhna"
"Mius Airport","54.9583320618","43.311668396","Sarov"
"Krasnovishersk Airport","60.4106330871582","57.13611602783203","Krasnovishersk"
"Saratov South Airport","51.47780227661133","45.94259262084961","Saratov"
"Tatischevo Air Base","51.6843986511","45.5481147766","Tatischevo"
"Kazan Old Airport","55.7874984741","49.195278167699996","Kazan"
"Menzelinsk Airport","55.7200012207","53.0600013733","Menzelinsk"
"Yelabuga North Airport","55.79280090332031","52.132999420166016","Yelabuga"
"Yamburg Airport","67.98666381835938","75.0999984741211","Yamburg"
"Nikolsk Airport","59.496665954589844","45.518333435058594","Nikolsk"
"Baley Airport","51.561065673828125","116.70287322998047","Baley"
"Iultin Airport","67.9114990234375","-178.6719970703125","Iul'tin"
"Kyren Airport","51.6780891418457","102.15654754638672","Kyren"
"Bereznik Airport","62.8233337402","42.796665191699994","Bereznik"
"Taksimo Airport","56.36166763305664","114.93000030517578","Taksimo"
"Tarnogskiy Gorodok Airport","60.503299713134766","43.60169982910156","Tarnogskiy Gorodok"
"Tasayevo Airport","57.17499923706055","94.88999938964844","Tasayevo"
"Alakurtti Naval Air Base","66.97333526611328","30.344999313354492","Alakurtti"
"Chernyakhovsk Naval Air Base","54.60166549682617","21.781667709350586","Chernyakhovsk"
"Donskoye Air Base","54.934391021728516","19.98241424560547","Donskoye"
"Kalinovskaya Airfield","43.599998474121094","45.529998779296875","Kalinovskaya"
"Lakhta Naval Air Base","64.383331","40.716667","Arkhangelsk"
"Ostrov Naval Air Base","57.299999","28.4333","Ostrov"
"Pribylovo Naval Air Base","60.45833206176758","28.746667861938477","Pribilovo"
"Severomorsk-2 Naval Air Base","69.01499938964844","33.29166793823242","Severomorsk"
"Veshchevo Naval Air Base","60.673301696777344","29.16670036315918","Veshchevo"
"Manushkino Airfield","59.8718986511","30.802799224900003","Manushkino"
"Gostilitsy Airfield","59.72669982910156","29.63949966430664","Gostilitsy"
"Borki Airfield","58.37120056152344","31.04360008239746","Novgorod"
"Korpikyulya Airfield","59.60499954223633","30.272300720214844","Gatchina"
"Kuznetsovo Airfield","59.245201110839844","29.945199966430664","Rozhdestveno"
"Murmashi Airfield","68.8067","32.8077","Murmansk"
"Leonidovo Air Base","49.27330017089844","142.92799377441406","Leonidovo"
"Bolchary Airport","59.8203010559082","68.83329772949219","Bolchary"
"Dolgoshchelye Airport","66.053492","43.424625","Dolgoshchelye"
"Urup Airport","46.2071762085","150.526473999","Kastrikum"
"Krymsk Air Base","44.959999084472656","38","Krymsk"
"Krasnodar Tsentralny Air Base","45.0800018311","38.9469985962","Krasnodar"
"Baronovskiy Airfield","44.9248","40.9883","Armavir"
"Myskhako Airport","44.66999816894531","37.7760009765625","Novorossiysk"
"Sasovo Airfield","54.354000091552734","41.9739990234375","Sasovo"
"Buguruslan Glavny Airfield","53.61800003049999","52.444000244099996","Buguruslan"
"Troekurovka Air Base","53.2239990234375","48.54999923706055","Syzran"
"Bezenchuk Airfield","52.96500015258789","49.37799835205078","Bezenchuk"
"Oktyabrskiy Airfield","44.64500045776367","40.22200012207031","Maykop"
"Oktyabrskiy Air Base","47.970001220703125","43.720001220703125","Oktyabrskiy"
"Aleksandrovskoye Airport","60.44300079345703","77.83899688720703","Aleksandrovskoye"
"Amazar Air Base","53.791999816895","120.91999816895","Amazar"
"Atkarsk Airport","51.801998138427734","45.11199951171875","Atkarsk"
"Azov Airfield","47.084999084473","39.407001495361","Azov"
"Barabinsk Airport","55.36000061035156","78.30000305175781","Barabinsk"
"Barguzin Airport","53.58700180053711","109.69999694824219","Barguzin"
"Bataysk Air Base","47.117000579833984","39.79499816894531","Bataysk"
"Berdsk Airfield","54.73500061035156","83.09500122070312","Berdsk"
"ObGES Airfield","54.874000549316406","82.98300170898438","Novosibirsk"
"Mochische Airfield","55.16899871826172","83.14299774169922","Novosibirsk"
"Dresba Air Base","69.36329650878906","161.56199645996094","Pevek"
"Yevsino Airfield","54.407001495399996","83.24199676510001","Evsino"
"Kamen-na-Obi Airfield","53.792999267599996","81.1500015259","Kamen-na-Obi"
"Kalmanka Airfield","53.125","83.37999725341797","Novo-Romanovo"
"Severnoye Airport","56.3349990845","78.3550033569","Severnoe"
"Klyuchi Airfield","52.26499938964844","79.2020034790039","Klyuchi"
"Chistoozyornoe Airfield","54.659000396728516","76.53700256347656","Chistoozyornoe"
"Srednebeloye Helicopter Base","50.691002","128.009995","Srednebeloye"
"Ishim Airfield","56.08599853515625","69.4530029296875","Ishim"
"Verkhneimbatsk Airport","63.15599822998047","87.9739990234375","Verkhneimbatsk"
"Yalutorovsk Airfield","56.66699981689453","66.25800323486328","Yalutorovsk"
"Bobrovka Air Base","53.14500045776367","50.709999084472656","Kinel"
"Borzya Zapadnaya Airfield","50.354000091552734","116.26000213623047","Borzya"
"Bryansk Airport","53.27000045776367","34.33700180053711","Bryansk"
"Budyonnovsk Air Base","44.83000183105469","44.01300048828125","Budyonnovsk"
"Buzuluk Airport","52.8129997253418","52.22200012207031","Buzuluk"
"Yefremov Air Base","53.1150016784668","38.24300003051758","Yefremov"
"Troitskoye Air Base","46.455002","44.209999","Troitskoye"
"Chernigovka Air Base","44.32500076293945","132.5449981689453","Chernigovka"
"Kashtak Airfield","52.11000061035156","113.5","Chita"
"Chizha Airport","67.08399963378906","44.367000579833984","Chizha"
"Esso Airport","55.93299865722656","158.7169952392578","Esso"
"Galyonki Air Base","44.095001220703125","131.8000030517578","Galyonki"
"Gazimurskiy Zavod Airport","51.547000885009766","118.37000274658203","Gazimurskiy Zavod"
"Girvas Air Base","62.483001708984375","33.75","Girvas"
"Goryachinsk Airport","53.01499938964844","108.3270034790039","Goryachinsk"
"Gryazi Airfield","52.43299865722656","39.900001525878906","Gryazi"
"Idrinskoye Airport","54.362998962402344","91.98699951171875","Idrinskoye"
"Imeni Poliny Osipenko Airport","52.439998626708984","136.4739990234375","Imeni Poliny Osipenko"
"Avachinskiy Heliport","53.15999984741211","158.38499450683594","Yelizovo"
"Dubrovitsy Airfield","55.415000915527344","37.47999954223633","Podolsk"
"Chaikovskiy Airport","56.75","54.14500045776367","Chaikovskiy"
"Froly Airfield","57.9010009765625","56.244998931884766","Froly"
"Kurkachi Airfield","55.97999954223633","49.58100128173828","Kurkachi"
"Maikhe Airfield","43.42300033569336","132.4250030517578","Shtykovo"
"Uglovaya Air Base","43.3489990234375","132.0570068359375","Artyom"
"Saint Petersburg Children's Hospital No.1 Helipad","59.836299896240234","30.186500549316406","Saint Petersburg"
"Petropavlovskaya Krepost Helipad","59.9514835454","30.3137147427","Saint Petersburg"
"Mozdok Air Base","43.78499984741211","44.599998474121094","Mozdok"
"Komendantskiy Airfield","59.99700164794922","30.290000915527344","St. Petersburg"
"Ropsha Airfield","59.71099853515625","29.80500030517578","Ropsha"
"Seltso Airfield","59.617000579833984","29.542999267578125","Seltso"
"Solnechniy Airfield","56.108001708984375","92.93699645996094","Krasnoyarsk"
"Manskiy Airfield","55.76300048828125","93.7770004272461","Shalinskoye"
"Severskaya Airfield","44.85499954223633","38.63999938964844","Severskaya"
"Izborsk Airport","57.71500015258789","27.70400047302246","Izborsk"
"Sennaya Guba Helipad","61.99599838256836","35.22800064086914","Sennaya Guba"
"Tikhvin Airport","59.650001525878906","33.595001220703125","Tikhvin"
"Maksimkin Yar Airport","58.68242645263672","86.82374572753906","Maksimkin Yar"
"Yegorlykskaya Airfield","46.573001861572266","40.59000015258789","Yegorlykskaya"
"Tikhoretsk Air Base","45.87900161743164","40.10499954223633","Tikhoretsk"
"Agoy Airfield","44.138999938964844","39.02799987792969","Agoy"
"Giaginskaya Airfield","44.887001037597656","39.96500015258789","Giaginskaya"
"Mozhga Airport","56.42380142211914","52.27870178222656","Mozhga"
"Sarmany Airport","55.257999420166016","52.573001861572266","Sarmanovo"
"Byngi Airfield","57.57500076293945","60.209999084472656","Nevyansk"
"Baltym Airfield","57.10900115966797","60.606998443603516","Krasny Aduy"
"Troitsk Air Base","54.11000061035156","61.53499984741211","Troitsk"
"Gudron Airfield","51.21099853515625","58.68299865722656","Orsk"
"Georgiyevka Airfield","53.28499984741211","51.03099822998047","Georgiyevka"
"Emergency Medicine Research Institute Helipad","59.873600006103516","30.358699798583984","Saint Petersburg"
"Ambassador Hotel Helipad","59.924900054932","30.310459136963","Saint Petersburg"
"Marli Helipad","59.8904533386","29.8946247101","Saint Petersburg"
"Uglich Fominskoye Helipad","57.548500061035156","38.2953987121582","Uglich"
"Yaskino Helipad","59.170249938964844","39.82509994506836","Vologda"
"Tushino Children's Hospital Helipad","55.85139846801758","37.40190124511719","Moscow"
"Alyye Parusa Helipad","55.80670166015625","37.449501037597656","Moscow"
"Solntsevo Heliport","55.643001556396484","37.387001037597656","Moscow"
"Chegdomyn Airport","51.137001037597656","132.94000244140625","Chegdomyn"
"Kyargozero Air Base","63.3050003052","34.4550018311","Ramentsy"
"Yuryevskoye Airport","56.779998779296875","36.28499984741211","Yuryevskoye"
"Marino Airstrip","56.6339988708","36.8860015869","Filimonovo"
"Torzhok Helicopter Base","57.047000885","35.0050010681","Torzhok"
"Blagoveshchenye Airfield","56.32600021362305","38.099998474121094","Sergiev Posad"
"Dubna Seaplane Base","56.71500015258789","37.05500030517578","Dubna"
"Kostomuksha Airport","64.61799621579999","30.687000274699997","Kostomuksha"
"Pugachyov Heliport","52.03300094604492","48.81999969482422","Pugachyov"
"Pyaozero Airport","65.76899719238281","30.976999282836914","Pyaozerskiy"
"Kozhin Airfield","51.125","49.63999938964844","Ozinki"
"Pushkino Heliport","56.041999816899995","37.9780006409","Zverosovkhoz"
"Sinegorye Airport","62.26499938964844","150.75","Sinegorye"
"Kinel-Cherkassy Air Base","53.46500015258789","51.560001373291016","Kinel-Cherkassy"
"Tomtor Airport","63.24300003051758","143.17300415039062","Tomtor"
"Zimovniki Air Base","47.141998291015625","42.39500045776367","Zimovniki"
"Solnechniy Airport","60.2599983215332","137.51699829101562","Ust-Ynykchan"
"Dzhebariki-Khaya Airport","62.189998626708984","135.86500549316406","Dzhebariki-Khaya"
"Typliy Klyuch Airport","62.7890014648","136.854995728","Khandyga"
"Shabanovo Airfield","57.794997","28.299999","Pskov"
"Karachikha Airfield","57.650002","39.759998","Yaroslavl"
"Koyda Airport","66.37799835205078","42.55799865722656","Koyda"
"Kanevka Airport","67.12100219726562","39.71699905395508","Kanevka"
"Sosnovka Airport","66.50399780273438","40.577999114990234","Sosnovka"
"Tetrino Airport","66.0587670784","38.28263282779999","Tetrino"
"Chavanga Airport","66.111","37.764999","Chavanga"
"Chapoma Airport","66.114998","38.825001","Chapoma"
"Derevyannoe Airport","61.606998","34.620998","Derevyannoe"
"Aginskoye Airport","55.26599884033203","94.86000061035156","Aginskoye"
"Taganrog Tsentralny Air Base","47.24645","38.8403","Taganrog"
"Arsenyev Airfield","44.143001556396","133.27000427246","Arsenyev"
"Panki Heliport","55.66830062866211","37.93199920654297","Lyubertsy"
"Ukhtomskaya Heliport","55.69729995727539","37.87900161743164","Lyubertsy"
"Zhulebino Heliport","55.6870002746582","37.84000015258789","Moscow"
"Vokhma Airport","58.91699981689453","46.72700119018555","Vokhma"
"Sormovo Airfield","56.31999969482422","43.79999923706055","Nizhniy Novgorod"
"Bolshoye Gryzlovo Airfield","54.785","37.645","Pushchino"
"Drakino Airfield","54.873","37.267","Serpukhov"
"Volosovo Airfield","55.068","37.454","Volosovo"
"Sonino Airstrip","55.295953419899995","37.79211044309999","Sonino"
"Lobanovo Airstrip","55.2868509649","37.941627502399996","Barybino"
"Malino Heliport","55.085","38.145","Malino"
"Pakhomovo Airfield","54.625","37.575","Pakhomovo"
"Bronnitsy Airfield","55.424","38.3015","Bronnitsy"
"Korobcheyevo Airfield","55.092666","38.923033","Kolomna"
"Uzunovo Airport","54.526461314500004","38.5971164703","Uzunovo"
"Rydoma Airfield","54.265","37.25","Tula"
"Myasnovo Airfield","54.213","37.551","Tula"
"Ryazhsk Airfield","53.695","40.005","Ryazhsk"
"Vatulino Airfield","55.659","36.141","Ruza"
"Bezhitsa Airfield","53.337","34.233","Bryansk"
"Kasimov Airport","54.931","41.424","Kasimov"
"Emergency Children's Surgery and Traumatology Research Institute Helipad","55.7377542577","37.6176381111","Moscow"
"Vyazma Zapadny Airstrip","55.203561416899994","34.2527103424","Vyazma"
"Kozelsk Heliport","54.054","35.757","Kozelsk"
"Medyn Airfield","54.946","35.861","Medyn"
"Starodub Airport","52.571","32.797","Starodub"
"Seshcha Air Base","53.715","33.34","Dubrovka"
"Rybinsk Yuzhny Airfield","58","38.84","Rybinsk"
"Kirzhach Airfield","56.157","38.83","Kirzhach"
"Ivanovo Yasyunikha Airfield","56.964","41.071","Ivanovo"
"Teykovo Heliport","56.843","40.485","Teykovo"
"Nikitino Airfield","56.806","37.69","Taldom"
"Kolchugino Airport","56.282","39.473","Kolchugino"
"Alferyevo Airfield","56.1","35.875","Volokolamsk"
"Yegoryevsk Airfield","55.459","39.037","Yegoryevsk"
"Novaya Heliport","55.8093","38.0454","Balashikha"
"Barvikha-3 Helipad","55.7596043747","37.282469272600004","Barvikha"
"City Clinical Hospital No.71 Helipad","55.7224908678","37.4304252863","Moscow"
"City Clinical Hospital No.20 Helipad","55.8655410432","37.6645928621","Moscow"
"Emergency Medicine Research Institute Helipad","55.7763618236","37.6385325193","Moscow"
"Nagornoye Helipad","55.9128802485","37.6252770424","Mytishchi"
"Vyazma Airport","55.1483","34.383301","Vyazma"
"City Clinical Hospital No.15 Helipad","55.7297442141","37.8306913376","Moscow"
"City Clinical Hospital No.7 Helipad","55.6615168095","37.641418576199996","Moscow"
"Bakovka Helipad","55.682744247799995","37.333753109","Moscow"
"Golitsyno Helipad","55.5770953068","36.8873906136","Golitsyno"
"Anino Helipad","55.5854762102","37.586331367499994","Moscow"
"MKAD 35 Kilometr Helipad","55.5818226716","37.572743296599995","Moscow"
"Alabino Helipad","55.5358682297","36.9638442993","Moscow"
"Ogaryovo Heliport","55.740609","37.208657","Moscow"
"Gorki-9 Heliport","55.727494","37.130055","Moscow"
"Crocus Expo Helipad","55.822586","37.384396","Krasnogorsk"
"City Children's Clinical Hospital No.9 Helipad","55.755484071599994","37.5390440226","Moscow"
"Belaya Dacha Helipad","55.6550134703","37.8673732281","Kotelniki"
"Sofrino Helipad","56.1551591134","37.9261350632","Sofrino"
"Vlasikha Helipad","55.6835124185","37.1829593182","Vlasikha"
"MKAD 63 Kilometr Helipad","55.7904882502","37.3722910881","Moscow"
"Oyok Airfield","52.551","104.45","Irkutsk"
"Rzhevka Heliport","59.979235882","30.575825572","St. Petersburg"
"Sukhaya Rechka Naval Air Base","43.029","131.542","Primorskiy"
"Vera Helipad","55.6203","38.1521","Kratovo"
"Bely Klyuch Airfield","54.1965","48.321","Ulyanovsk"
"Millerovo Air Base","48.954","40.296","Millerovo"
"Millerovo Airport","48.937","40.417","Millerovo"
"Bogorodsk Airfield","56.121","43.545","Bogorodsk"
"Primorsko-Akhtarsk Air Base","46.059","38.24","Primorsko-Akhtarsk"
"Temryuk Heliport","45.3033690157","37.3232656717","Temryuk"
"Korenovsk Air Base","45.447","39.424","Korenovsk"
"Kushchyovskaya Air Base","46.537","39.548","Kushchyovskaya"
"Goreloye Airfield","52.957","41.469","Tambov"
"Kineshma Airport","57.416","42.19","Kineshma"
"Nezhitino Airport","57.4813","43.2863","Nezhitino"
"Yuryevets Airport","57.3373","43.0966","Yuryevets"
"Krasnogorye Airport","57.7133","43.6878","Krasnogorye"
"Udskoye Airport","54.5217291038","134.423046112","Udskoye"
"Burevestnik Yacht-club Helipad","55.9795","37.5282","Dolgoprudny"
"Rechnoy Yacht-club Helipad","59.963791847799996","30.239106416699997","Saint Petersburg"
"Pereyaslavka Air Base","47.997","135.089","Pereyaslavka"
"Marinovka Air Base","48.637","43.789","Volgograd"
"Varfolomeyevka Air Base","44.261","133.413","Arsenyev"
"Lensovetovskiy Heliport","59.765504738400004","30.4800224304","Saint Petersburg"
"Volen Heliport","56.2788410955","37.476253509500005","Yakhroma"
"Pridachinskaya Damba Heliport","51.67409209","39.238754510899994","Voronezh"
"Privolzhskiy Air Base","46.396","47.893","Astrakhan"
"Kapustin Yar Airfield","48.667","45.732","Znamensk"
"Srednyaya Akhtuba Airfield","48.727902382299995","44.8650741577","Srednyaya Akhtuba"
"Beketovka Air Base","48.551","44.369","Volgograd"
"Kotelnikovo Airfield","47.635","43.095","Kotelnikovo"
"Romanovskaya Airport","47.53013307369999","42.03","Romanovskaya"
"Kholodnogorskiy Airfield","44.983","42.118","Stavropol"
"Sal'sk Airfield","46.416","41.519","Sal'sk"
"Mikhaylovka Airfield","49.976","43.338","Mikhaylovka"
"Belaya Kalitva Airport","48.217","40.82","Belaya Kalitva"
"Zernograd Air Base","46.835","40.38","Zernograd"
"Dubki Airfield","51.647","46.059","Saratov"
"Zabelskiy Airfield","54.7978028607","55.9420824051","Ufa"
"Loginovo Airfield","56.64745040139999","61.3502311707","Loginovo"
"Rozhdestveno Airfield","53.25","50.053","Samara"
"Sokol Air Base","51.284","58.605","Orsk"
"Kupino Air Base","54.352","77.354","Kupino"
"Pervomayskiy Airport","55.6702275936","41.3566589355","Pervomayskiy"
"Oryol Severny Airport","53.0044288837","36.0287618637","Oryol"
"Morshansk Air Base","53.44","41.737","Morshansk"
"Usman Airfield","52.025","39.675","Usman"
"Mordovo Airport","52.0783455164","40.7843399048","Mordovo"
"Ryshkovo Airfield","51.6561578589","36.1818408966","Kursk"
"Kamenka Air Base","53.205","44.065","Kamenka"
"Vozdvizhenka Air Base","43.907","131.923","Ussuriysk"
"Pristan Naval Air Base","43.243","132.329","Shkotovo"
"Khorol Air Base","44.449","132.124","Khorol"
"Mys Nizmenny Airport","64.8014732872","177.584424019","Ugolnye Kopi"
"Khvalynka Air Base","44.611","132.887","Spassk-Dalniy"
"Novonezhino Airfield","43.218","132.584","Novonezhino"
"Novorossiya Airfield","43.347","132.557","Smolyaninovo"
"Kansk Tsentralny Airport","56.1600347141","95.7121181488","Kansk"
"Lesnoy Airfield","53.251722177599994","83.9549446106","Barnaul"
"Charyshskoye Airfield","51.40193656820001","83.52853775019999","Charyshskoye"
"Ubinskoye Airport","55.3166","79.6666","Ubinskoye"
"Yurt-Ora Airstrip","55.4501751626","82.91646838190002","Yurt-Ora"
"Kemerovo Severny Airport","55.332720733399995","86.04554414750001","Kemerovo"
"Yuzhnaya Airfield","54.654718956","83.07869911190001","Berdsk"
"Iskitim Airfield","54.6","83.3","Iskitim"
"Sibirskiy Heliport","53.5858308029","83.8623762131","Sibirskiy"
"Nazarovo Airport","55.972549445300004","90.49017906190001","Nazarovo"
"Uzhur Airport","55.2637616897","89.8256778717","Uzhur"
"Maryanovka Airfield","54.9725397836","72.64649391169999","Maryanovka"
"Krasnoozyorsk Airport","53.992785208","79.3133926392","Krasnoozyorskoye"
"Shadrinsk Helipad","56.0982493243","63.7331163883","Shadrinsk"
"Abzakovo Helipad","53.801284","58.633282","Abzakovo"
"Gora Pashina Heliport","55.1261","60.563","Chebarkul"
"Bunkovo Heliport","55.8802339278","36.8073749542","Istra"
"Nakhabino Helipad","55.8580088604","37.2091752291","Nakhabino"
"Mitino Heliport","55.8685631393","37.3729348183","Putilkovo"
"City Clinical Hospital No.36 Helipad","55.7913297014","37.7401989698","Moscow"
"Grachi Helipad","55.4382719556","38.0714249611","Ilinskoye"
"Voskresensk Airstrip","55.307215581099996","38.5956573486","Voskresensk"
"Burny Airfield","60.623702643499996","30.486545562699998","Solovyovo"
"Bolshoy Lutsk Airstrip","59.4120340638","28.577284812900004","Kingisepp"
"Suzdal Airport","56.492613925","40.3802919388","Suzdal"
"Novinki Airport","54.9776629286","37.6566696167","Novinki"
"Polyany Helipad","55.034663031899996","38.821520805400006","Kolomna"
"Beloomut Airfield","54.9521","39.296583","Beloomut"
"Seltsy Airfield","54.9237","39.6392","Seltsy"
"Gelendzhik Seaplane Base","44.5780577433","38.0230808258","Gelendzhik"
"Kochubeyevskoye Airport","44.6858639994","41.7493772507","Kochubeyevskoye"
"Tatsinskaya Airfield","48.167059","41.277866","Tatsinskaya"
"Rostov-na-Donu Tsentralny Air Base","47.2763","39.6377","Rostov-na-Donu"
"Rostov-na-Donu Severny Heliport","47.256631026","39.7347164154","Rostov-na-Donu"
"Svetlograd Airfield","45.423335150499994","42.680854797399995","Svetlograd"
"Monino Airfield","55.836700439453125","38.16999816894531","Moscow"
"Kalininskiy Airfield","44.8582","44.1829","Budyonnovsk"
"Makhachkala-1 Airfield","43.0126495066","47.4357461929","Makhachkala"
"Khunzakh Airport","42.570338947799996","46.7290592194","Khunzakh"
"Tlyarata Helipad","42.1167563323","46.3519728184","Tlyarata"
"Akhtubinsk Air Base","48.3085","46.2365","Akhtubinsk"
"Osypnoy Bugor Airfield","46.2871581029","48.061172962200004","Astrakhan"
"Tri Protoka Airfield","46.325","48.153","Astrakhan"
"Kuznetsk Airport","53.098095652","46.5904426575","Kuznetsk"
"Volzhskiy Utyos Helipad","53.38546568179999","49.0975141525","Usolye"
"Volsk Airfield","52.030343501299996","47.322063446","Volsk"
"Novosyolki Airport","53.9099000326","49.7357082367","Novosyolki"
"Golovino Airport","56.3665099612","84.7375488281","Golovino"
"Bor Heliport","55.3596914463","37.729507684699996","Odintsovo"
"Noginsk Airfield","55.9160970735","38.480386734","Noginsk"
"Utkina Zavod Helipad","59.8685824318","30.4858160019","Saint Petersburg"
"Vikhrevo Airfield","56.2416806237","38.1584358215","Sergiyev Posad"
"Zvezda Airfield","52.940983295100004","49.6066188812","Chapayevsk"
"Krasny Yar Airport","53.509412295699995","50.4396486282","Krasny Yar"
"Kovdor Airport","67.5341487596","30.6191968918","Kovdor"
"Kitsa Airfield","68.507363913","33.2875442505","Pushnoy"
"Okunev Nos Airport","66.2877128016","52.5848579407","Okunev Nos"
"Korzhevskiy Airstrip","45.2146965624","37.74410963059999","Korzhevskiy"
"Kiyevskoye Airstrip","45.0605629952","37.9666471481","Kiyevskoye"
"Yablonovskiy Airstrip","44.9704606057","38.9938473701","Yablonovskiy"
"Dolzhanskaya Airfield","46.607719908099995","37.9234313965","Dolzhanskaya"
"Olginskaya Airstrip","45.938347786899996","38.399909734699996","Olginskaya"
"Medvedkovskaya Airstrip","45.4433769126","38.960459232299996","Medvedkovskaya"
"Yelizavetinskaya Airstrip","45.0852026712","38.805170059199995","Yelizavetinskaya"
"Osechki Airstrip","45.2569449245","38.9237236977","Novotitarovskaya"
"Novotitarovskaya Airstrip","45.249648900299995","39.076695442200005","Novotitarovskaya"
"Novodmitriyevskaya Airstrip","44.8486583488","38.897244930300005","Novodmitriyevskaya"
"Rodnikovskaya Airstrip","44.777646496","40.7087659836","Rodnikovskaya"
"Kusino Airfield","59.4021564205","31.815547943099997","Kusino"
"Yastrebino Airstrip","59.385616251799995","28.930242061599998","Bolshaya Pustomerzha"
"Glazhevo Airstrip","59.660045842200006","32.1066427231","Glazhevo"
"Chernogolovka Airfield","56.0230919816","38.3258914948","Chernogolovka"
"Panino Airstrip","54.4750251757","40.316905975299996","Panino"
"Negoditsy Airstrip","59.5580704894","29.2179679871","Begunitsy"
"Borshchovo Airstrip","58.8422192647","30.378742218","Oredezh"
"Smychkovo Airfield","58.6795255481","30.0415992737","Dzerzhinskogo"
"Lyubytino Airstrip","58.802628684300004","33.3734178543","Lyubytino"
"Okulovka Airport","58.3744706694","33.3122205734","Okulovka"
"Ozyorny Heliport","57.865483923","33.6708641052","Ozyorny"
"Maksatikha Airport","57.7728697983","35.8950805664","Maksatikha"
"Staritsa Airstrip","56.512343544100005","34.9719715118","Staritsa"
"Otradnaya Airport","44.382827104","41.4904689789","Otradnaya"
"Mostovskoy Airport","44.3949408319","40.8012914658","Mostovskoy"
"Labinsk Airport","44.6637083056","40.7526683807","Labinsk"
"Kurganinsk Airport","44.8630479451","40.625767707799994","Kurganinsk"
"Kislovodsk Airport","43.9486","42.627","Kislovodsk"
"Psebay Airport","44.110452836099995","40.81884384159999","Psebay"
"Osinovaya Roshcha Helipad","60.1020986078","30.2621734142","Saint Petersburg"
"Morozovo Airstrip","55.3806464897","38.371596336399996","Morozovo"
"Kamyshin Airport","50.0532536947","45.3695440292","Kamyshin"
"GAI (russian road police) helipad","56.195311","44.120718","Nizhny Novgorod"
"Karachayevsk Airfield","43.789001","41.911499","Karachayevsk"
"Nizhneudinsk Airport","54.8894","99.067","Nizhneudinsk"
"Salmiyarvi Airport","69.3296","29.9858","Nikel"
"Anna Heliport","42.8406","132.5705","Anna"
"Afipsky Airport","44.8544","38.8224","Afipsky"
"Torbusha Airstrip","56.1475","162.1634","Torbusha"
"Zyryanka West Airport","65.7367","150.705","Zyryanka"
"Guba Gryaznaya Heliport","69.0652","33.2916","Safonovo"
"Shonguy Airfield","68.743","33.127","Shonguy"
"Pyalitsa Airport","66.1956","39.55","Pyalitsa"
"Kashkarantsy Airport","66.3454","36.027","Kashkarantsy"
"Olenitsa Airport","66.4695","35.359","Olenitsa"
"Kuzreka Airport","66.621","34.753","Kuzreka"
"Poklonnaya Hill Helipad","55.73246","37.519446","Moscow"
"Chistyy Airport","55.4856","103.2065","Chistyy"
"Priboynyy Airport","55.6498","103.2314","Priboynyy"
"Krivolutskaya Airport","55.6112","103.1252","Karakhun"
"Zhurban Airport","54.1745","127.989703","Snezhnogorsk"
"Khvoynyy Airport","54.6331","127.84425","Khvoynyy"
"Kakhovka/Romny Airbase","50.8133","129.2167","Kakhovka"
"Kakhovka Airfield","50.80945","129.187","Kakhovka"
"Pozdeevka Airport","50.58205","128.8795","Pozdeevka"
"Amaranka Airfield","50.6947","129.613","Amaranka"
"Cheremkhovo Airstrip","50.436407","127.449583","Cheremkhovo"
"Eldikan Airstrip","60.747856","135.128137","Eldikan"
"Novoselovo Airport","55.002535","90.921397","Novoselovo"
"Balakhta Airport","55.361388","91.528933","Balakhta"
"Krasnoturansk Airport","54.313927","91.521","Krasnoturansk"
"Oktyabrskiy Airport","56.088096","99.40945","Oktyabrskiy"
"Anash Airport","54.856756","91.061761","Anash"
"Motygino Airport","58.180921","94.745272","Motygino"
"Novoangarsk Airport","58.127988","93.477721","Novoangarsk"
"Lamutskoye Airport","65.538838","168.844848","Lamutskoye"
"Vaga River Heliport","61.151632","42.238552","Velsk"
"Tarosovo Airstrip","60.27345","29.27805","Tarosovo"
"Alexandria Heliport","46.471842","41.562835","Salsk"
"Otkritie Arena Heliport","55.815467","37.441405","Tushino"
"Tushino Heliport","55.820866","37.420067","Tushino"
"Volkhov-Most river runway","59.0652092","31.7641172","Volkhov-Most"
"Vrachovo-Gorki Airport","54.923423","39.225971","Vrachovo-Gorki"
"Seltsy Heliport","54.909708","39.570599","Seltsy"
"Zavitinsk Air Base","50.19169998168945","129.5030059814453","Zavitinsk"
"Orlovka Air Base","51.263302","128.720001","Vernoye"
"Kubinka Air Base","55.611695","36.650002","Kubinka"
"Onega Andozero Air Base","63.923301696799996","38.4117012024","Onega"
"Gorelovo Air Base","59.76499938964844","30.07670021057129","St Petersburg"
"Lebedovo Air Base","51.28329849243164","46.25","Privolzsky"
"Gorin Air Base","51.17169952392578","136.63499450683594","Gorin"
"Kamensk-Uralskiy Air Base","56.4366989136","61.9866981506","Kamensk Uralskiy"
"Monchegorsk Air Base","67.9867019653","33.0182991028","Monchegorsk"
"Vozzhayevka Air Base","50.77","128.776993","Vozzhayevka"
"Dno Air Base","57.78329849243164","29.966699600219727","Dno"
"Kryuchkovo Air Base","57.06829833984375","35.50830078125","Tver"
"Dobrynskoye Air Base","56.244998931884766","40.59170150756836","Vladimir"
"Nerchinsk Air Base","52","116.53299713134766","Nerchinsk"
"Lodeynoye Pole Air Base","60.709999","33.57","Lodeynoye Pole"
"Dolinsk-Sokol Air Base","47.26169967651367","142.76800537109375","Dolinsk"
"Logovushka Airfield","55.4109992980957","64.94300079345703","Kurgan"
"Ukrainka Air Base","51.169997","128.445007","Belogorsk"
"Gromovo Air Base","60.71329879760742","30.1117000579834","Gromovo"
"Samara Kryazh Air Base","53.108299255371094","50.09830093383789","Samara"
"Dombarovskiy Air Base","50.79999923706055","59.516700744628906","Dombarovskiy"
"Reshma Air Base","57.426700592041016","42.43000030517578","Kinesma"
"Greem Bell Air Base","81.15","64.33","Khatanga"
"Uka Airport","57.92829895019531","162.02200317382812","Uka"
"Dzhida Air Base","50.677425106200005","106.138572693","Dzhida"
"Shadrinsk Air Base","56.039207458496094","63.6819953918457","Shadrinsk"
"Tiksi North Air Base","72.03829956054688","128.4720001220703","Tiksi"
"Umbozero Air Base","67.5134273155","34.3068695068","Umbozero"
"Luostari Air Base","69.400002","30.9883","Zapolyarnyj"
"Vorotynsk Air Base","54.4682998657","36.073299408","Vorotynsk"
"Letneozerskiy Air Base","63.38999938964844","40.39830017089844","Obozerskiy"
"Bagay-Baranovka Air Base","52.1396522522","46.969387054399995","Sennoy"
"Severny Air Base","51.06669998168945","61.483299255371094","Orsk"
"Kansk Air Base","56.123298645","95.66329956050001","Kansk"
"Salmi Air Base","61.32170104980469","32.00830078125","Ilinskiy"
"Domna Air Base","51.91669845581055","113.11699676513672","Chita"
"Loukhi-3 Air Base","66.055000305176","32.796699523926","Loukhi"
"Tambov Air Base","52.700626373291016","41.374168395996094","Tambov"
"Nurmalitsy Air Base","61.04499816894531","32.97829818725586","Olonec"
"Danilovo Air Base","56.65999984741211","48.03329849243164","Yoshkar Ola"
"Olenya Air Base","68.151802062988","33.463901519775","Olenegorsk"
"Rogachyovo Air Base","71.61669921880001","52.4782981873","Belaya"
"Shatalovo Air Base","54.34000015258789","32.47330093383789","Pochinok"
"Cheryomushki Air Base","52.06999969482422","113.43000030517578","Chita"
"Klyuchi Air Base","56.310001373291016","160.80499267578125","Klyuchi"
"Chudovo Air Base","59.23830032348633","31.270000457763672","Lyuban"
"Karaksar Air Base","51.28329849243164","115.8499984741211","Olovyannaya"
"Chuguyevka Air Base","44.08330154418945","133.8679962158203","Chuguyevka"
"Klin Air Base","56.36669921875","36.73830032348633","Klin"
"Saratov Sokol Airfield","51.54090118408203","45.8484992980957","Saratov"
"Kilpyavr Air Base","69.0967025756836","32.40829849243164","Murmansk"
"Verkhnaya Zaimka Air Base","55.82500076293945","110.0979995727539","Nizhneangarsk"
"Smuravyovo Air Base","58.814999","28.0133","Gdov"
"Yugoryonok Airport","59.7649993896","137.682998657","Yugoryonok"
"Slavgorod Yuzhniy Air Base","52.95500183105469","78.63500213623047","Slavgorod"
"Ivanovo North Air Base","57.05830001831055","40.9817008972168","Ivanovo"
"Petrovsk Air Base","52.273040771484375","45.38666915893555","Petrovsk"
"Mengon Air Base","50.03329849243164","136.3000030517578","Elban"
"Maysionvara Air Base","62.279998779296875","32.41669845581055","Suojarvi"
"Lenino Air Base","52.90999984741211","156.8780059814453","Lenino"
"Lovozero Airport","68.021697998","35","Lovozero"
"Marienkhof Air Base","54.86500167849999","20.184999465900002","Pionersky"
"Orenburg Air Base","51.70905685424805","55.02004623413086","Orenburg"
"Khada Bulak Air Base","50.599998474121094","116.38300323486328","Sherlovaya Gora"
"Lyambir Air Base","54.28499984741211","45.16830062866211","Saransk"
"Ulan-Ude East Airport","51.849998474121094","107.73799896240234","Ulan Ude"
"Michurinsk Air Base","52.91830062866211","40.3650016784668","Michurinsk"
"Idritsa Air Base","56.34830093383789","28.893299102783203","Idritsa"
"Savasleyka Air Base","55.439998626708984","42.310001373291016","Vykska"
"Nivenskoye Air Base","54.56169891357422","20.603300094604492","Kaliningrad"
"Matrosovo Air Base","49.40169906616211","142.88299560546875","Leonidovo"
"Koshka Yavr Air Base","69.25170135498047","31.196699142456055","Zapolyarnyj"
"Povorino Air Base","51.08988571166992","42.17531204223633","Povorino"
"Tiksi West Air Base","71.69329833984375","128.68299865722656","Tiksi"
"Step Air Base","51.016700744628906","115.43299865722656","Yasnogorsk"
"Gorny Air Base","51.75","48.63330078125","Gorny, Saratov Oblast"
"Klimovo Air Base","52.34000015258789","32.16999816894531","Klimovo"
"Salka Airfield","57.9883003235","60.2350006104","Nizhny Tagil"
"Ukkurey Air Base","52.33330154418945","116.83300018310547","Chernysevsk"
"Yugorsk Sovetsky Air Base","61.2682991027832","63.138301849365234","Yugorsk"
"Uprun Air Base","54.375","61.3532981873","Uvelsky"
"Vetrovoye Air Base","45.25170135498047","148.31199645996094","Burevestnik"
"Voronezh Baltimor Air Base","51.62","39.14","Voronezh"
"Sharomy Air Base","54.29330062866211","158.15199279785156","Sharomy"
"Engels Air Base","51.480499267578125","46.21500015258789","Saratov"
"Totskoye Air Base","52.501701355","52.779998779299994","Totskoye"
"Dorokhovo Air Base","57.724998474121094","36.65169906616211","Bezhetsk"
"Tambovka Air Base","50.1349983215332","128.072998046875","Tambovka"
"Beryozovka Air Base","65.0550003052","56.673301696799996","Pechora"
"Yaroslavl Levtsovo Air Base","57.73109817504883","40.05500030517578","Yaroslavl"
"Vorkuta Sovetskiy Air Base","67.46330261230469","64.30670166015625","Vorkuta"
"Krapivnya Airfield","57.076698303222656","33.388301849365234","Zdanovo"
"Engozero Air Base","65.86669921875","33.93330001831055","Louhi"
"Krechevitsy Air Base","58.625","31.385000228881836","Novgorod"
"Zherdevka Air Base","51.83330154418945","41.54999923706055","Zherdevka"
"Medyn-Aduyevo Air Base","55.003299713134766","35.994998931884766","Kaluga"
"Sumsk Air Base","59.30500030517578","29.09670066833496","Volosovo"
"Ostrov Bolshevik Air Base","78.58499908447266","100.99500274658203","Ostrov Bolshevik"
"Rzhev Air Base","56.2599983215332","34.40829849243164","Rzhev"
"Shaykovka Air Base","54.22669982910156","34.371700286865234","Kirov"
"Kirsanov Air Base","52.66669845581055","42.68330001831055","Kirsanov"
"Smolensk South Airport","54.745","32.065","Smolensk"
"Velikiy Ustyug Airport","60.788299560546875","46.2599983215332","Velikiy Ustyug"
"Chumpu-Kytyl Airport","65.3681","143.199","Tyubelyahe"
"Batagay Airport","67.648002624512","134.69500732422","Batagay"
"Batagay Hospital Heliport","67.6501","134.6005","Batagay"
"Tenkeli Airport","70.1643","140.7073","Tenkeli"
"Lake Khaiyr Airport","70.8083","133.5059","Khayyr"
"Kular Airport","70.59566","134.509293","Kular"
"Nizhneyansk Airport","71.43699645996094","136.19000244140625","Nizhneyansk"
"Sakkyryr Airport","67.792","130.394","Batagay-Alyta"
"Ust-Kuyga Airport","70.011001586914","135.64500427246","Ust-Kuyga"
"Horula Airfield","63.9622","118.644602","Sayylyk"
"Aldan Airport","58.60279846191406","125.40899658203125","Aldan"
"Yakutsk Airport","62.093299865722656","129.77099609375","Yakutsk"
"Chulman Airport","56.913898468018","124.91400146484","Neryungri"
"Moma Airport","66.45085906982422","143.2615509033203","Honuu"
"Magan Airport","62.103484","129.545288","Magan"
"Olyokminsk Airport","60.3974990845","120.471000671","Olyokminsk"
"Sangar Airport","63.9594","127.42","Sangar"
"Ust-Nera Airport","64.550003051758","143.11500549316","Ust-Nera"
"Ust-Maya Airport","60.356998443604","134.43499755859","Ust-Maya"
"Verkhnevilyuisk Airport","63.458057403564","120.26916503906","Verkhnevilyuisk"
"Kyzyl-Syr Airport","63.8849983215332","122.7770004272461","Kyzyl-Syr"
"Nyurba Airport","63.29499816894531","118.33699798583984","Nyurba"
"Suntar Airport","62.185001373291","117.63500213623","Suntar"
"Vilyuisk Airport","63.75666809082","121.69333648682","Vilyuisk"
"Ust-Mil Airstrip","59.631249","133.089694","Ust-Mil"
"Allakh-Yun Airport","61.1431","138.0313","Allakh-Yun"
"Lensk Airport","60.7206001282","114.825996399","Lensk"
"Olenyok Airport","68.514999389648","112.48000335693","Olenyok"
"Polyarny Airport","66.4003982544","112.029998779","Yakutia"
"Mirny Airport","62.534698486328125","114.03900146484375","Mirny"
"Saskylakh Airport","71.92790222168","114.08000183105","Saskylakh"
"Vitim Airport","59.45800018310547","112.56300354003906","Vitim"
"Andreshkino Airport","69.1728","154.4552","Andreshkino"
"Srednekolymsk Airport","67.4805","153.7364","Srednekolymsk"
"Chokurdakh Airport","70.62310028076172","147.90199279785156","Chokurdah"
"Cherskiy Airport","68.7406005859375","161.33799743652344","Cherskiy"
"Tiksi Airport","71.697700500488","128.90299987793","Tiksi"
"Zyryanka Airport","65.7485","150.8889","Zyryanka"
"Dzhargalakh Airport","67.2672","130.5319","Dzhargalakh"
"Chuvanskoye Airport","65.172163","167.952484","Chuvanskoye"
"Anadyr Heliport","64.7166","177.4629","Anadyr"
"Krasneno Airport","64.630631","174.781866","Krasneno"
"Vayegi Airport","64.167442","171.057887","Vayegi"
"Birofeld Air Base","48.459999084472656","132.66000366210938","Birofeld"
"Arkhara Airport","49.4165","130.0673","Arkhara"
"Ignatyevo Airport","50.42539978027344","127.41200256347656","Blagoveschensk"
"Zeya Airport","53.69049835205078","127.0907974243164","Zeya"
"Magdagachi Airport","53.473301","125.794998","Magdagachi"
"Novokievsky Uval Airport","51.6603","128.9329","Novokievsky Uval"
"Ekimchan Airport","53.07609939575195","132.9510040283203","Ekimchan"
"Svobodny Airport","51.45500183105469","128.09832763671875","Svobodny"
"Tynda Airport","55.284199","124.778999","Tynda"
"Gornyy Airport","54.653452","128.455903","Gornyy"
"Vankarem Airport","67.838719","-175.8494283","Vankarem"
"Bomnak Airfield","54.71275","128.8577","Bomnak"
"Khabarovsk-Novy Airport","48.52799987793","135.18800354004","Khabarovsk"
"Troitskoye Airport","49.444833","136.571033","Troitskoye"
"Khabarovsk Airport","48.525001525878906","135.1529998779297","Khabarovsk"
"Chumikan Airport","54.69599914550781","135.28599548339844","Chumikan"
"Icha Airport","55.5954017639","155.619003296","Ichinskiy"
"Blagodatnoye Air Base","48.41299819946289","135.4149932861328","Blagodatnoye"
"Garovka Air Base","48.39500045776367","135.2209930419922","Khabarovsk"
"Dzemgi Airport","50.60559844970703","137.08099365234375","Komsomolsk-na-Amur"
"Kamenny Ruchey Naval Air Base","49.23570251464844","140.19309997558594","Sovetskaya Gavan"
"Komsomolsk-on-Amur Airport","50.409000396728516","136.9340057373047","Komsomolsk-on-Amur"
"Maygatka Airport.","48.926998138399995","140.033996582","Sovetskaya Gavan"
"Ugolny Airport","64.73490142822266","177.74099731445312","Anadyr"
"Provideniya Bay Airport","64.37809753417969","-173.2429962158203","Chukotka"
"Zaliv Kresta","66.3583984375","-179.10769653320312","Egvekinot"
"Omsukchan Airport","62.457000732421875","155.7449951171875","Omsukchan"
"Chaybukha Airport","61.834999084472656","160.54800415039062","Chaybukha"
"Susuman Airport","62.766666412353516","148.14666748046875","Susman"
"Mys Shmidta Airport","68.86830139160156","-179.3730010986328","Mys Shmidta"
"Keperveem Airport","67.8450012207","166.13999939","Keperveem"
"Lavrentiya Airport","65.58000183105469","-170.99667358398438","Lavrentiya"
"Sokol Airport","59.9109992980957","150.72000122070312","Magadan"
"Omolon Airport","65.23999786376953","160.5399932861328","Omolon"
"Markovo Airport","64.667","170.417007","Markovo"
"Pevek Airport","69.783302307129","170.59700012207","Pevek"
"Beringovskiy Airport","63.02000045776367","179.29299926757812","Beringovsky"
"Seymchan Airport","62.920780181884766","152.4227752685547","Seymchan"
"Magadan-13 Airport","59.62329864501953","150.9219970703125","Magadan"
"Severo-Evensk Airport","61.92166519165039","159.22999572753906","Evensk"
"Wrangel Island Airport","70.945356","-179.5","Wrangel Island"
"Munuk Airport","56.4321","138.0449","Ayan"
"Bogorodskoye Airport","52.38","140.448","Bogorodskoye"
"Nikolayevsk-na-Amure Airport","53.154998779297","140.64999389648","Nikolayevsk-na-Amure Airport"
"Arka Airport","60.1012","142.3015","Arka"
"Okhotsk Airport","59.410064697265625","143.05650329589844","Okhotsk"
"Ust-Pakhachi Airport","60.55670166015625","169.11000061035156","Ust-Pakhachi"
"Ossora Airport","59.2236","163.0664","Ossora"
"Tigil Airport","57.784000396728516","158.72999572753906","Tigil"
"Khalaktyrka Airport","53.025001525878906","158.7209930419922","Petropavlovsk-Kamchatskiy"
"Ust-Kamchatsk Airport","56.23860168457031","162.68800354003906","Ust-Kamchatsk"
"Palana Airport","59.08169937133789","159.88800048828125","Palana"
"Milkovo Airport","54.680580139160156","158.5485076904297","Milkovo"
"Kozyrevsk Airport","56.09000015258789","159.8766632080078","Kozyrevsk"
"Yelizovo Airport","53.16790008544922","158.45399475097656","Petropavlovsk-Kamchatsky"
"Tilichiki Airport","60.3828010559082","166.0260009765625","Tilichiki"
"Ust-Khayryuzovo Airport","57.099998474121094","156.73500061035156","Ust-Khayryuzovo"
"Nikolskoye Airport","55.1783332824707","166.04833984375","Nikolskoye"
"Burevestnik Airport","44.9199981689","147.621994019","Iturup Island"
"Okha Airport","53.5200004578","142.88999939","Okha"
"Iturup Airport","45.256389","147.95549","Kurilsk"
"Shakhtyorsk Airport","49.190299987799996","142.082992554","Shakhtersk"
"Mendeleyevo Airport","43.9584007263","145.682998657","Kunashir Island"
"Zonalnoye Airport","50.6692008972","142.761001587","Tymovskoye"
"Yuzhno-Sakhalinsk Airport","46.88869857788086","142.71800231933594","Yuzhno-Sakhalinsk"
"Zolotaya Dolina Air Base","42.959999084472656","133.11500549316406","Vladimiro-Aleksandrovskoye"
"Kavalerovo Airport","44.2726","135.029","Kavalerovo"
"Plastun Airport","44.814998626709","136.29200744629","Plastun"
"Vladivostok International Airport","43.39899826049805","132.1479949951172","Vladivostok"
"Chita-Kadala Airport","52.026299","113.306","Chita"
"Barnaul Heliport","50.3613832","116.4814","Borzya"
"Krasnokamensk Airport","50.03310775756836","118.06114196777344","Krasnokamensk"
"Mogocha Airbase","53.7421","119.7396","Mogocha"
"Chara Airport","56.913333892822266","118.2699966430664","Chara"
"Bratsk Airport","56.370601654052734","101.697998046875","Bratsk"
"Ust-Ilimsk Airport","58.13610076904297","102.56500244140625","Ust-Ilimsk"
"Zheleznogorsk Airport","56.487701416015625","104.10600280761719","Zheleznogorsk-Ilimsky"
"Belaya Air Base","52.915000915527344","103.57499694824219","Usolye-Sibirskoye"
"Irkutsk Airport","52.268001556396","104.38899993896","Irkutsk"
"Bodaybo Airport","57.866100311299995","114.242996216","Bodaybo"
"Yerbogachen Airport","61.2750015259","108.029998779","Erbogachen"
"Kirensk Airport","57.773","108.064","Kirensk"
"Mama Airport","58.313331604003906","112.88999938964844","Mama"
"Ust-Ordynskiy Airport","52.81999969482422","104.73999786376953","Ust-Ordynskiy"
"Kazachinskaya Airport","56.2801513671875","107.56756591796875","Kazachinskaya"
"Ust-Kut Airport","56.8567008972168","105.7300033569336","Ust-Kut"
"Nizhneangarsk Airport","55.80080032348633","109.59500122070312","Nizhneangarsk"
"Ulan-Ude Airport (Mukhino)","51.80780029296875","107.43800354003906","Ulan Ude"
"Talagi Airport","64.60030364990234","40.71670150756836","Archangelsk"
"Mezen Airport","65.87833404541016","44.21500015258789","Mezen"
"Vaskovo Airport","64.44170379639999","40.421699523899996","Arkhangelsk"
"Severomorsk-1 Naval Air Base","69.03166961669922","33.418331146240234","Severomorsk"
"Leshukonskoye Airport","64.8960037231","45.7229995728","Leshukonskoye"
"Naryan Mar Airport","67.63999938964844","53.12189865112305","Naryan Mar"
"Shenkursk Airport","62.117000579833984","42.882999420166016","Shenkursk"
"Onega Airport","63.9111140154","38.1258201599","Onega"
"Karpogory Airport","64.0130004883","44.4550018311","Karpogory"
"Kargopol Airport","61.515033","38.912039","Kargopol"
"Solovki Airport","65.0299987793","35.7333335876","Solovetsky Islands"
"Pertominsk Airport","64.7900009155","38.4199981689","Pertominsk"
"Nizhnyaya Pesha Airport","66.75299835205078","47.74300003051758","Nizhnyaya Pesha"
"Cherepovets Airport","59.273601532","38.015800476100004","Cherepovets"
"Lopshenga Airport","64.9800033569","37.6930007935","Lopshenga"
"Purnema Airport","64.3854002577","37.441234588600004","Purnema"
"Shoyna Airport","67.86900329589844","44.1510009765625","Shoyna"
"Soyana Airfield","65.783933","43.3832","Soyana"
"Letnyaya Zolotitsa Airport","64.9599990845","36.8300018311","Letnyaya Zolotitsa"
"Amderma Airport","69.76329803466797","61.556400299072266","Amderma"
"Karatayka Airport","68.75","61.42499923706055","Karatayka"
"Varandey Airport","68.848503112793","58.201400756836","Varandey"
"Khorey-Ver Airport","67.41500091552734","58.04499816894531","Khorey-Ver"
"Kharuta Airport","66.84700012207031","59.54499816894531","Kharuta"
"Tsenogora Airport","64.8870010376","46.7210006714","Tsenogora"
"Olema Airport","64.495","46.14666","Olema"
"Kotlas Airport","61.235801696777344","46.6974983215332","Kotlas"
"Oktyabrskiy Airport","61.078999","43.199001","Oktyabrskiy"
"Savvatiya Air Base","60.994998931884766","46.869998931884766","Kotlas"
"Velsk Airport","61.040000915527344","42.099998474121094","Velsk"
"Pulkovo Airport","59.80030059814453","30.262500762939453","St. Petersburg"
"Pushkin Airport","59.685001","30.338301","St. Petersburg"
"Siversky Air Base","59.3567008972168","30.036699295043945","Siversky"
"Umba Airport","66.6969985962","34.3870010376","Umba"
"Varzuga Airport","66.4117","36.594","Varzuga"
"Kirovsk-Apatity Airport","67.46330261230469","33.58829879760742","Apatity"
"Murmansk Airport","68.78170013427734","32.75080108642578","Murmansk"
"Kuzomen Airport","66.28","36.87","Kuzomen"
"Ponoy Airfield","67.11","41.106","Ponoy"
"Krasnoshchelye Airport","67.34799957279999","37.0769996643","Krasnoshchelye"
"Borovichi Airport","58.43600082397461","33.888999938964844","Borovichi"
"Maryovo Airport","57.31999969482422","32.04999923706055","Maryovo"
"Novgorod Airport","58.49330139160156","31.24169921875","Velikiy Novgorod"
"Pestovo Airport","58.608001708984375","35.779998779296875","Pestovo"
"Staraya Russa Air Base","57.961399","31.384399","Staraya Russa"
"Velikiye Luki Airport","56.381099700927734","30.60810089111328","Velikiye Luki"
"Pskov Airport","57.78390121459961","28.395599365234375","Pskov"
"Pudozh Airport","61.8250007629","36.5800018311","Pudozh"
"Petrozavodsk Airport","61.88520050048828","34.154701232910156","Petrozavodsk"
"Kalevala Airport","65.2099990845","31.1350002289","Kalevala"
"Peski Airport","61.83194351196289","34.295555114746094","Petrozavodsk"
"Segezha Airport","63.7589988708","34.283000946","Segezha"
"Lodeynoye Pole Airport","60.716999054","33.561000824","Lodeynoye Pole"
"Strelna Heliport","59.86050033569336","30.052000045776367","Saint Petersburg"
"Rzhevka Airport","59.97999954223633","30.585599899291992","St. Petersburg"
"Lake Krasnogvardeyskoye","60.268033","29.234033","Utkino"
"Kichmengskiy Gorodok Airport","59.97700119018555","45.82500076293945","Kichmengskiy Gorodok"
"Vytegra Airport","61.032001495399996","36.4350013733","Vytegra"
"Totma Airport","59.9835754516","42.7672863007","Totma"
"Vologda Airport","59.282501220703125","39.944400787353516","Vologda"
"Khrabrovo Airport","54.88999938964844","20.592599868774414","Kaliningrad"
"Abakan Airport","53.7400016784668","91.38500213623047","Abakan"
"Shushenskoye Airport","53.3849983215332","92.04499816894531","Kazantsevo"
"Barnaul Airport","53.363800048828125","83.53849792480469","Barnaul"
"Akkem Heliport","49.9071","86.5442","Akkem Lake"
"Gorno-Altaysk Airport","51.9667015076","85.8332977295","Gorno-Altaysk"
"Biysk Airport","52.47999954223633","85.33999633789062","Biysk"
"Volchikha Airport","52.0250889138","80.3378677368","Volchikha"
"Rubtsovsk Airport","51.58333206176758","81.19999694824219","Rubtsovsk"
"Ust-Koksa Airport","50.26499938964844","85.70999908447266","Ust-Koksa Airport"
"Novosibirsk North Airport","55.09170150756836","82.90670013427734","Novosibirsk"
"Anzhero-Sudzhensk Heliport","56.1498","86.0538","Anzhero-Sudzhensk"
"Kemerovo Airport","55.27009963989258","86.1072006225586","Kemerovo"
"Aksenovo Airport","58.9327","101.5735","Aksenovo"
"Tura Airport","64.2821","100.2035","Tura"
"Aydara Airport","58.5291","88.4031","Aydara"
"Baykit Airport","61.676700592041016","96.3550033569336","Baykit"
"Yeniseysk Airport","58.47420120239258","92.11250305175781","Yeniseysk"
"Yartsevo Airport","60.255001068115234","90.19499969482422","Yartsevo"
"Podkamennaya Tunguska Airport","61.589698791503906","89.99400329589844","Bor"
"Severo-Eniseysk Airport","60.37329864501953","93.01170349121094","Severo-Eniseysk"
"Tura Mountain Airport","64.333511352539","100.4328918457","Tura"
"Vanavara Airport","60.35969924926758","102.3239974975586","Vanavara"
"Boguchany Airport","58.380615234375","97.47233581542969","Boguchany"
"Krasnoyarsk Severniy Airport","56.04169845581055","92.90670013427734","Krasnoyarsk"
"Yemelyanovo Airport","56.172901153564","92.493301391602","Krasnoyarsk"
"Cheremshanka Airport","56.176998138399995","92.5400009155","Krasnoyarsk"
"Sharypovo Airport","55.454914093","89.1738815308","Sharypovo"
"Achinsk Airport","56.2682991027832","90.57080078125","Achinsk"
"Kyzyl Airport","51.66939926147461","94.40059661865234","Kyzyl"
"Kolpashevo Airport","58.32529830932617","82.93250274658203","Kolpashevo"
"Novy Vasyugan Airport","58.586","76.504","Novy Vasyugan"
"Yeltsovka Airport","55.09239959716797","83.00450134277344","Novosibirsk"
"Tolmachevo Airport","55.012599945068","82.650703430176","Novosibirsk"
"Kalachinsk Airport","55.02000045776367","74.61000061035156","Kalachinsk"
"Omsk Central Airport","54.96699905395508","73.31050109863281","Omsk"
"Omsk Severny Airport","54.9749984741","73.5550003052","Omsk"
"Tara Airport","56.900001525878906","74.30000305175781","Tara"
"Tevriz Airport","57.50400161743164","72.33100128173828","Tevriz"
"Aban Airport","56.6847","96.1203","Aban"
"Strezhevoy Airport","60.709400177","77.66000366210001","Strezhevoy"
"Bogashevo Airport","56.380298614502","85.208297729492","Tomsk"
"Spichenkovo Airport","53.8114013671875","86.877197265625","Novokuznetsk"
"Dikson Airport","73.51780700683594","80.37966918945312","Dikson"
"Cape Chelyuskin Airfield","77.712","104.24","Chelyuskin Polar Station"
"Nagurskoye","80.803207","47.663586","Murmansk"
"Sredniy Ostrov Air Base","79.528297424316","91.074996948242","Khatanga"
"Khatanga Airport","71.97810363769531","102.49099731445312","Khatanga"
"Snezhnogorsk Airport","68.07666778564453","87.6449966430664","Snezhnogorsk"
"Svetlogorsk Airport","66.83999633789062","88.40333557128906","Svetlogorsk"
"Igarka Airport","67.43720245361328","86.62190246582031","Igarka"
"Norilsk-Alykel Airport","69.31109619140625","87.33219909667969","Norilsk"
"Valek Airport","69.39690399169922","88.35368347167969","Valek"
"Turukhansk Airport","65.797203064","87.9353027344","Turukhansk"
"Tutonchany Airport","64.2337","93.8","Tutonchany"
"Anapa Vityazevo Airport","45.002101898193","37.347301483154","Anapa"
"Yeysk Airport","46.68","38.21","Yeysk"
"Afipsky Heliport","44.873","38.829","Afipski"
"Gelendzhik Airport","44.5820926295","38.0124807358","Gelendzhik"
"Khanskaya Air Base","44.68","40.035","Maykop"
"Krasnodar Pashkovsky International Airport","45.034698486328","39.170501708984","Krasnodar"
"Maykop Airport","44.65330123901367","40.09000015258789","Maykop"
"Armavir Air Base","44.970001220703125","41.10499954223633","Armavir"
"Enem Airport","44.94599914550781","38.93199920654297","Enem"
"Yessentuki Airport","44.06","42.829","Yessentuki"
"Khankala Air Base","43.298099517822266","45.78409957885742","Grozny"
"Uytash Airport","42.81679916381836","47.65230178833008","Makhachkala"
"Mineralnyye Vody Airport","44.225101470947266","43.08190155029297","Mineralnyye Vody"
"Nalchik Airport","43.512901306152344","43.636600494384766","Nalchik"
"Beslan Airport","43.2051010132","44.6066017151","Beslan"
"Pyatigorsk Airport","44.0496271493","43.0214738846","Pyatigorsk"
"Magas Airport","43.322299957300004","45.0125999451","Magas"
"Stavropol Shpakovskoye Airport","45.10919952392578","42.11280059814453","Stavropol"
"Dudinka Airport","69.375","86.15666961669922","Dudinka"
"Kem Helipad","64.96","34.64","Kem"
"Remontnoye Airport","46.544302","43.6457","Remontnoye"
"Shakhty Airport","47.697","40.287","Shakhty"
"Morozovsk Air Base","48.313","41.791","Morozovsk"
"Rostov-on-Don Airport","47.2582015991","39.8180999756","Rostov-on-Don"
"Sal'sk 2 Airfield","46.45755","41.483345","Sal'sk"
"Taganrog Yuzhny Airport","47.1983333","38.8491667","Taganrog"
"Sochi International Airport","43.449902","39.9566","Sochi"
"Astrakhan Airport","46.2832984924","48.0063018799","Astrakhan"
"Elista Airport","46.3739013671875","44.33089828491211","Elista"
"Volgograd International Airport","48.782501220703125","44.34550094604492","Volgograd"
"Chelyabinsk Balandino Airport","55.305801","61.5033","Chelyabinsk"
"Magnitogorsk International Airport","53.39310073852539","58.755699157714844","Magnitogorsk"
"Kalachevo Airfield","54.952999114990234","61.5","Chelyabinsk"
"Salekhard Airport","66.5907974243164","66.61100006103516","Salekhard"
"Kharasavey Airport","71.0999984741211","66.7509994506836","Kharasavey"
"Antipayuta Airport","69.099998474121","76.866668701172","Antipayuta"
"Mys Kamenny Airport","68.483001709","73.5670013428","Mys Kamennyi"
"Labytnangi Heliport","66.67449951171875","66.44200134277344","Labytnangi"
"Tolka Airport","63.99000167849999","82.0500030518","Tolka"
"Krasnoselkup Airport","65.717","82.455","Krasnoselkup"
"Tarko-Sale Airport","64.9308013916","77.81809997559999","Tarko-Sale"
"Tazovskiy Airport","67.48419952392578","78.64440155029297","Tazovskiy"
"Urengoy Airport","65.9599990845","78.43699646","Urengoy"
"Saranpaul' Airport","64.2571","60.9123","Saranpaul'"
"Khanty Mansiysk Airport","61.028499603271484","69.08609771728516","Khanty-Mansiysk"
"Kondinskoye Airport","59.65508270263672","67.43004608154297","Kondinskoye"
"Lugovoy Airport","59.7239990234375","65.83300018310547","Lugovoy"
"Nyagan Airport","62.110001","65.614998","Nyagan"
"Sovetskiy Airport","61.326622009277344","63.60191345214844","Sovetskiy"
"Uray Airport","60.10329818725586","64.82669830322266","Uray"
"Izhevsk Airport","56.82809829711914","53.45750045776367","Izhevsk"
"Pobedilovo Airport","58.503299713135","49.348300933838","Kirov"
"Nadym Airport","65.48090362548828","72.69889831542969","Nadym"
"Novy Urengoy Airport","66.06939697265625","76.52030181884766","Novy Urengoy"
"Nizhnevartovsk Airport","60.94929885864258","76.48359680175781","Nizhnevartovsk"
"Raduzhny Airport","62.1585998535","77.32890319820001","Raduzhnyi"
"Bakharevka Airport","57.951698303222656","56.19499969482422","Perm"
"Bolshoye Savino Airport","57.914501190186","56.021198272705","Perm"
"Berezniki Airport","59.57954788208008","56.85768127441406","Solikamsk"
"Ay-Pim Airport","62.265","71.191","Ay-Pim"
"Kogalym International Airport","62.190399169921875","74.53379821777344","Kogalym"
"Nefteyugansk Airport","61.108299255371094","72.6500015258789","Nefteyugansk"
"Noyabrsk Airport","63.18330001831055","75.2699966430664","Noyabrsk"
"Surgut Airport","61.34370040893555","73.40180206298828","Surgut"
"Severouralsk Airport","60.301666259765625","60.07500076293945","Severouralsk"
"Uktus Airport","56.701698303222656","60.790000915527344","Yekaterinburg"
"Alapayevsk Airfield","57.865","61.75","Alapayevsk"
"Koltsovo Airport","56.743099212646","60.802700042725","Yekaterinburg"
"Plekhanovo Airport","57.143333435058594","65.46833038330078","Tyumen"
"Tobolsk Airport","58.135799407958984","68.23190307617188","Tobolsk"
"Roshchino International Airport","57.189601898199996","65.3243026733","Tyumen"
"Kurtamysh Airport","54.915000915527344","64.46700286865234","Kurtamysh"
"Kurgan Airport","55.47529983520508","65.41560363769531","Kurgan"
"Kostroma Sokerkino Airport","57.7969017029","41.019401550299996","Kostroma"
"Bykovo Airport","55.6171989441","38.0600013733","Moscow"
"Grabtsevo Airport","54.5499992371","36.3666687012","Kaluga"
"Ivanovo South Airport","56.93939971923828","40.940799713134766","Ivanovo"
"Staroselye Airport","58.10419845581055","38.92940139770508","Rybinsk"
"Semyazino Airport","56.12670135498047","40.314998626708984","Vladimir"
"Myachkovo Airport","55.5600013733","37.9850006104","Moscow"
"Zmeyevo Airport","56.915000915527344","35.935001373291016","Tver"
"Bryansk Airport","53.214199066199996","34.176399231","Bryansk"
"Zhukovsky International Airport","55.553299","38.150002","Zhukovsky"
"Domodedovo International Airport","55.40879821777344","37.90629959106445","Moscow"
"Sheremetyevo International Airport","55.972599","37.4146","Moscow"
"Kimry Airport","56.798301696777344","37.33000183105469","Kimry"
"Migalovo Air Base","56.82469940185547","35.7577018737793","Tver"
"Selnikovo Airfield","55.129783","39.145733","Selnikovo"
"Stupino Air Base","54.888","38.147","Stupino"
"Severka Airfield","55.206","38.677","Voskresensk"
"Ostafyevo International Airport","55.51169967651367","37.507198333740234","Moscow"
"Tretyakovo Airport","54.904998779299994","39.02666854859999","Lukhovitsy"
"Chkalovskiy Airport","55.8783","38.061699","Moscow"
"Belgorod International Airport","50.643798828125","36.5900993347168","Belgorod"
"Pridacha Airport","51.65227127075195","39.255523681640625","Voronezh"
"Kursk East Airport","51.7505989074707","36.29560089111328","Kursk"
"Lipetsk Airport","52.70280075073242","39.53779983520508","Lipetsk"
"Voronezh International Airport","51.81420135498047","39.22959899902344","Voronezh"
"Oryol Yuzhny Airport","52.934700012200004","36.0022010803","Orel"
"Stary Oskol Airport","51.32921600341797","37.76884841918945","Stary Oskol"
"Donskoye Airport","52.806098937988","41.482799530029","Tambov"
"Haryaginskiy Heliport","67.21299743652344","56.78099822998047","Haryaginskiy"
"Tushino Airport","55.818333","37.426666","Moscow"
"Yermolino Airport","55.2283325195","36.6083335876","Balabanovo"
"Turlatovo Airport","54.55590057373047","39.855201721191406","Ryazan"
"Klokovo Airfield","54.239","37.6","Tula"
"Vnukovo International Airport","55.5914993286","37.2615013123","Moscow"
"Ukhta Airport","63.566898345947266","53.8046989440918","Ukhta"
"Inta Airport","66.0548324584961","60.110321044921875","Inta"
"Vuktyl Airport","63.823299407958984","57.279998779296875","Vuktyl"
"Yemva Airport","62.6054000854","50.925201416","Emva"
"Pechora Airport","65.12110137939453","57.13079833984375","Pechora"
"Usinsk Airport","66.00469970703125","57.3671989440918","Usinsk"
"Ust-Kulom Airport","61.689998626708984","53.709999084472656","Ust-Kulom"
"Izhma Airport","65.03170013427734","53.970001220703125","Izhma"
"Vorkuta Airport","67.48860168457031","63.993099212646484","Vorkuta"
"Ust-Tsylma Airport","65.43729400630001","52.20033645629999","Ust-Tsylma"
"Syktyvkar Airport","61.64699935913086","50.84510040283203","Syktyvkar"
"Bolshoye Boldino Airport","55.02000045776367","45.314998626708984","Bolshoye Boldino"
"Nizhny Novgorod Strigino International Airport","56.230098724365","43.784000396729","Nizhny Novgorod"
"Bugulma Airport","54.63999938964844","52.801700592041016","Bugulma"
"Kazan International Airport","55.606201171875","49.278701782227","Kazan"
"Begishevo Airport","55.564701080322266","52.092498779296875","Nizhnekamsk"
"Borisoglebskoye Airport","55.86669921875","49.13330078125","Kazan"
"Chistopol Airport","55.3057975769043","50.61598587036133","Chistopol"
"Yoshkar-Ola Airport","56.700599670410156","47.904701232910156","Yoshkar-Ola"
"Cheboksary Airport","56.090301513671875","47.3473014831543","Cheboksary"
"Zhigansk Airport","66.7965011597","123.361000061","Zhigansk"
"Yudino Heliport","55.85900115966797","49.040000915527344","Kazan"
"Ulyanovsk Baratayevka Airport","54.26829910279999","48.226699829100006","Ulyanovsk"
"Ulyanovsk East Airport","54.4010009765625","48.80270004272461","Ulyanovsk"
"Adamovka","51.5","59.936111","Adamovka"
"Kvarkeno","52.078333","59.683333","Kvarkeno"
"Orenburg Central Airport","51.795799255371094","55.45669937133789","Orenburg"
"Orsk Airport","51.0724983215332","58.59560012817383","Orsk"
"Penza Airport","53.110599517822266","45.02109909057617","Penza"
"Saransk Airport","54.12512969970703","45.212257385253906","Saransk"
"Balakovo Airport","51.8582992554","47.7456016541","Balakovo"
"Krasny Kut Airport","50.9580001831","46.9469985962","Krasny Kut"
"Saratov Central Airport","51.564998626708984","46.04669952392578","Saratov"
"Sibay Airport","52.68741226196289","58.71480178833008","Sibay"
"Beloretsk Airport","53.9380989074707","58.34000015258789","Beloretsk"
"Neftekamsk Airport","56.1068992615","54.3471984863","Neftekamsk"
"Oktyabrskiy Airport","54.4399986267","53.3883018494","Kzyl-Yar"
"Maksimovka Airport","54.83000183105469","56.16830062866211","Ufa"
"Ufa International Airport","54.557498931885","55.874401092529","Ufa"
"Aktanysh Airport","55.6975","54.0677","Aktanysh"
"Buguruslan Severny Airport","53.71839904789999","52.3718986511","Buguruslan"
"Verkhneye Sancheleyevo Airfield","53.6960966684","49.491519928","Tolyatti"
"Bezymyanka Airfield","53.220001220703125","50.32500076293945","Samara"
"Smyshlyayevka Airport","53.2400016784668","50.375","Samara"
"Tolyatti Airport","53.596274392400005","49.3781161308","Tolyatti"
"Kurumoch International Airport","53.504901885986","50.16429901123","Samara"
"Soltsy-2 Air Base","58.139545","30.33042","Soltsy"
"Kasimovo Airfield","60.198299407958984","30.334999084472656","St. Petersburg"
"Severomorsk-3 Naval Air Base","68.866669","33.716667","Severomorsk"
"Fedotovo Naval Air Base","59.188301","39.123299","Kipelovo"
"Trufanovo Airfield","59.308998","39.849998","Vologda"
"Lebyazhye Air Base","50.201698303200004","45.2083015442","Kamyshin"
"Smolensk North Airport","54.824","32.025","Smolensk"
"Sosnovka Airfield","53.261002","45.277","Penza"
"Rtishchevo Air Base","52.297317","43.7241","Rtishchevo"
